Timestamp,Sensor1-L,Sensor2-L,Sensor3-L,Sensor4-L,Sensor5-L,Mean,Label,,,,,,,,MIN,MAX,MEAN,,MAX MEAN,MAX MAX
15:19.3,0.0244,1.44448,0.96136,3.1964,9.9918,3.123688,3,,9.9674,8.54732,9.03044,6.7954,0,,0,9.9674,6.868112,,9.222712,9.98936
15:20.3,9.9918,9.9918,9.9918,9.9918,9.9918,9.9918,3,,0,0,0,0,0,,0,0,0,,,
15:21.3,0.11712,0.94672,1.01748,1.5738,3.10124,1.351272,3,,9.87468,9.04508,8.97432,8.418,6.89056,,6.89056,9.87468,8.640528,,,
15:22.3,9.9918,9.9918,9.9918,9.9918,9.9918,9.9918,3,,0,0,0,0,0,,0,0,0,,,
15:23.3,0.25132,0.88328,1.3786,1.03944,1.85684,1.081896,3,,9.74048,9.10852,8.6132,8.95236,8.13496,,8.13496,9.74048,8.909904,,,
15:24.3,0.3782,9.9918,9.9918,9.9918,9.9918,8.06908,3,,9.6136,0,0,0,0,,0,9.6136,1.92272,,,
15:25.3,0.53436,1.83244,6.70268,1.24196,1.44448,2.351184,3,,9.45744,8.15936,3.28912,8.74984,8.54732,,3.28912,9.45744,7.640616,,,
15:26.3,0.8296,9.9918,9.9918,9.9918,9.9918,8.15936,3,,9.1622,0,0,0,0,,0,9.1622,1.83244,,,
15:27.3,0.2196,2.22528,5.59736,1.51768,2.65716,2.443416,3,,9.7722,7.76652,4.39444,8.47412,7.33464,,4.39444,9.7722,7.548384,,,
15:28.3,0.08296,5.18012,2.18868,9.9918,9.9918,5.487072,3,,9.90884,4.81168,7.80312,0,0,,0,9.90884,4.504728,,,
15:29.3,9.9918,2.45952,9.9918,2.96704,2.10572,5.503176,3,,0,7.53228,0,7.02476,7.88608,,0,7.88608,4.488624,,,
15:30.3,0.07076,1.21268,1.44448,1.53476,2.33996,1.320528,3,,9.92104,8.77912,8.54732,8.45704,7.65184,,7.65184,9.92104,8.671272,,,
15:31.3,9.9918,9.9918,9.9918,9.9918,9.9918,9.9918,3,,0,0,0,0,0,,0,0,0,,,
15:32.3,0.04392,2.3668,2.00812,1.88612,1.7568,1.612352,3,,9.94788,7.625,7.98368,8.10568,8.235,,7.625,9.94788,8.379448,,,
15:33.3,9.9918,9.9918,9.9918,9.9918,9.9918,9.9918,3,,0,0,0,0,0,,0,0,0,,,
15:34.3,0.15616,1.3664,2.49612,1.36396,1.53476,1.38348,3,,9.83564,8.6254,7.49568,8.62784,8.45704,,7.49568,9.83564,8.60832,,,
15:35.3,0.57828,9.9918,9.9918,9.9918,9.9918,8.109096,3,,9.41352,0,0,0,0,,0,9.41352,1.882704,,,
15:36.3,9.9918,9.9918,9.9918,9.9918,9.9918,9.9918,3,,0,0,0,0,0,,0,0,0,,,
15:37.3,0.04148,1.403,1.10776,2.0862,9.9918,2.926048,3,,9.95032,8.5888,8.88404,7.9056,0,,0,9.95032,7.065752,,,
15:38.3,9.9918,9.9918,9.9918,9.9918,9.9918,9.9918,3,,0,0,0,0,0,,0,0,0,,,
15:39.3,0.11712,0.73932,0.8296,1.1346,9.9918,2.562488,3,,9.87468,9.25248,9.1622,8.8572,0,,0,9.87468,7.429312,,,
15:40.3,9.9918,9.9918,9.9918,9.9918,9.9918,9.9918,3,,0,0,0,0,0,,0,0,0,,,
15:41.3,9.9918,9.9918,9.9918,9.9918,9.9918,9.9918,3,,0,0,0,0,0,,0,0,0,,,
15:42.3,0.02684,1.79096,1.33224,1.89344,9.9918,3.007056,3,,9.96496,8.20084,8.65956,8.09836,0,,0,9.96496,6.984744,,,
15:43.3,9.9918,9.9918,9.9918,9.9918,9.9918,9.9918,3,,0,0,0,0,0,,0,0,0,,,
15:44.3,0.0488,0.81984,0.92476,1.67872,5.10692,1.715808,3,,9.943,9.17196,9.06704,8.31308,4.88488,,4.88488,9.943,8.275992,,,
15:45.3,0.5856,9.9918,9.9918,9.9918,9.9918,8.11056,3,,9.4062,0,0,0,0,,0,9.4062,1.88124,,,
15:46.3,9.9918,9.9918,9.9918,9.9918,3.5624,8.70592,3,,0,0,0,0,6.4294,,0,6.4294,1.28588,,,
15:47.4,0.03904,1.1956,1.16632,2.09108,9.9918,2.896768,3,,9.95276,8.7962,8.82548,7.90072,0,,0,9.95276,7.095032,,,
15:48.3,9.9918,9.9918,9.9918,9.9918,9.9918,9.9918,3,,0,0,0,0,0,,0,0,0,,,
15:49.3,0.24644,0.6954,1.55184,0.61732,1.01016,0.824232,3,,9.74536,9.2964,8.43996,9.37448,8.98164,,8.43996,9.74536,9.167568,,,
15:50.3,9.9918,9.9918,9.9918,9.9918,9.9918,9.9918,3,,0,0,0,0,0,,0,0,0,,,
15:51.3,0.03904,1.28344,1.46888,1.6836,4.9654,1.888072,3,,9.95276,8.70836,8.52292,8.3082,5.0264,,5.0264,9.95276,8.103728,,,
15:52.3,9.9918,9.9918,9.9918,9.9918,9.9918,9.9918,3,,0,0,0,0,0,,0,0,0,,,
15:53.3,0.3172,0.61976,0.46116,1.57868,1.3542,0.8662,3,,9.6746,9.37204,9.53064,8.41312,8.6376,,8.41312,9.6746,9.1256,,,
15:54.3,9.9918,9.9918,9.9918,9.9918,9.9918,9.9918,3,,0,0,0,0,0,,0,0,0,,,
15:55.3,0.37576,0.41724,0.43676,1.11508,1.5006,0.769088,3,,9.61604,9.57456,9.55504,8.87672,8.4912,,8.4912,9.61604,9.222712,,,
15:56.4,9.9918,9.9918,9.9918,9.9918,9.9918,9.9918,3,,0,0,0,0,0,,0,0,0,,,
15:57.3,0.30988,0.48556,0.65392,1.41276,7.77384,2.127192,3,,9.68192,9.50624,9.33788,8.57904,2.21796,,2.21796,9.68192,7.864608,,,
15:58.4,0.89792,9.9918,9.9918,9.9918,9.9918,8.173024,3,,9.09388,0,0,0,0,,0,9.09388,1.818776,,,
15:59.3,0.00244,1.39812,1.05896,4.72628,9.9918,3.43552,3,,9.98936,8.59368,8.93284,5.26552,0,,0,9.98936,6.55628,,,
16:00.4,9.9918,9.9918,9.9918,9.9918,9.9918,9.9918,3,,0,0,0,0,0,,0,0,0,,,
16:01.3,0.04392,1.47132,0.50264,9.9918,9.9918,4.400296,3,,9.94788,8.52048,9.48916,0,0,,0,9.94788,5.591504,,,
16:02.4,9.9918,9.9918,9.9918,9.9918,9.9918,9.9918,3,,0,0,0,0,0,,0,0,0,,,
16:03.4,0.06344,0.97112,0.56364,4.30172,9.9918,3.178344,3,,9.92836,9.02068,9.42816,5.69008,0,,0,9.92836,6.813456,,,
16:04.4,9.9918,9.9918,9.9918,9.9918,9.9918,9.9918,3,,0,0,0,0,0,,0,0,0,,,
16:05.3,0.05368,0.8418,0.671,2.9402,9.9918,2.899696,3,,9.93812,9.15,9.3208,7.0516,0,,0,9.93812,7.092104,,,
16:06.4,0.30012,9.9918,9.9918,9.9918,9.9918,8.053464,3,,9.69168,0,0,0,0,,0,9.69168,1.938336,,,
16:07.4,9.9918,9.9918,9.9918,9.9918,9.9918,9.9918,3,,0,0,0,0,0,,0,0,0,,,
16:08.4,0.00976,2.51564,0.99308,9.9918,9.9918,4.700416,3,,9.98204,7.47616,8.99872,0,0,,0,9.98204,5.291384,,,
16:09.4,9.9918,9.9918,9.9918,9.9918,9.9918,9.9918,3,,0,0,0,0,0,,0,0,0,,,
16:10.3,0.11468,0.63196,1.14924,0.92476,4.1358,1.391288,3,,9.87712,9.35984,8.84256,9.06704,5.856,,5.856,9.87712,8.600512,,,
16:11.4,0.13664,9.9918,3.0012,9.9918,9.9918,6.622648,3,,9.85516,0,6.9906,0,0,,0,9.85516,3.369152,,,
16:12.4,0.46604,0.40748,0.79544,0.85888,3.90888,1.287344,3,,9.52576,9.58432,9.19636,9.13292,6.08292,,6.08292,9.58432,8.704456,,,
16:13.3,0.122,3.02316,2.04716,9.9918,9.9918,5.035184,3,,9.8698,6.96864,7.94464,0,0,,0,9.8698,4.956616,,,
16:14.4,9.9918,9.9918,9.9918,9.9918,9.9918,9.9918,3,,0,0,0,0,0,,0,0,0,,,
16:15.4,0.01708,1.71776,0.99308,9.9918,9.9918,4.542304,3,,9.97472,8.27404,8.99872,0,0,,0,9.97472,5.449496,,,
16:16.4,9.9918,9.9918,9.9918,8.11544,2.47172,8.112512,3,,0,0,0,1.87636,7.52008,,0,7.52008,1.879288,,,
16:17.4,0.07564,1.0492,1.28832,1.24684,2.95484,1.322968,3,,9.91616,8.9426,8.70348,8.74496,7.03696,,7.03696,9.91616,8.668832,,,
16:18.4,9.9918,9.9918,9.9918,9.9918,9.9918,9.9918,3,,0,0,0,0,0,,0,0,0,,,
16:19.4,0.05612,1.22244,1.28588,1.67384,3.95036,1.637728,3,,9.93568,8.76936,8.70592,8.31796,6.04144,,6.04144,9.93568,8.354072,,,
48:08.3,9.9918,9.9918,9.9918,9.9918,9.9918,9.9918,3,,0,0,0,0,0,,0,0,0,,,
48:09.3,3.233,0.96136,1.07116,0.81984,3.59168,1.935408,3,,6.7588,9.03044,8.92064,9.17196,6.40012,,6.40012,9.17196,8.056392,,,
48:10.3,9.9918,9.9918,9.9918,9.9918,9.9918,9.9918,3,,0,0,0,0,0,,0,0,0,,,
48:11.3,6.85396,0.32452,2.54492,0.26352,0.40504,2.078392,3,,3.13784,9.66728,7.44688,9.72828,9.58676,,3.13784,9.72828,7.913408,,,
48:12.3,3.81372,4.10408,1.08092,9.9918,9.9918,5.796464,3,,6.17808,5.88772,8.91088,0,0,,0,8.91088,4.195336,,,
48:13.3,9.9918,9.9918,9.9918,9.9918,9.9918,9.9918,3,,0,0,0,0,0,,0,0,0,,,
48:14.3,3.24032,0.671,1.13216,0.5246,2.10084,1.533784,3,,6.75148,9.3208,8.85964,9.4672,7.89096,,6.75148,9.4672,8.458016,,,
48:15.3,4.148,9.9918,9.9918,9.9918,9.9918,8.82304,3,,5.8438,0,0,0,0,,0,5.8438,1.16876,,,
48:16.3,9.9918,1.30052,9.9918,0.50752,0.47336,4.453,3,,0,8.69128,0,9.48428,9.51844,,0,9.51844,5.5388,,,
48:17.3,3.46724,2.71084,1.21512,7.55912,6.71976,4.334416,3,,6.52456,7.28096,8.77668,2.43268,3.27204,,2.43268,8.77668,5.657384,,,
48:18.3,9.9918,9.9918,9.9918,9.9918,2.928,8.57904,3,,0,0,0,0,7.0638,,0,7.0638,1.41276,,,
48:19.3,3.33548,1.16144,1.1224,1.22732,4.93124,2.355576,3,,6.65632,8.83036,8.8694,8.76448,5.06056,,5.06056,8.8694,7.636224,,,
48:20.3,9.9918,9.9918,9.9918,9.9918,4.23828,8.841096,3,,0,0,0,0,5.75352,,0,5.75352,1.150704,,,
48:21.3,3.31596,2.2814,1.40544,1.96908,4.8068,2.755736,3,,6.67584,7.7104,8.58636,8.02272,5.185,,5.185,8.58636,7.236064,,,
48:22.3,9.9918,0.44164,9.9918,0.66368,0.74176,4.366136,3,,0,9.55016,0,9.32812,9.25004,,0,9.55016,5.625664,,,
48:23.3,3.73564,1.82268,0.93696,6.51724,9.9918,4.600864,3,,6.25616,8.16912,9.05484,3.47456,0,,0,9.05484,5.390936,,,
48:24.3,9.9918,9.9918,9.9918,9.9918,9.9918,9.9918,3,,0,0,0,0,0,,0,0,0,,,
48:25.3,3.16224,0.91256,1.06384,0.72712,2.77184,1.72752,3,,6.82956,9.07924,8.92796,9.26468,7.21996,,6.82956,9.26468,8.26428,,,
48:26.3,9.9918,9.9918,9.9918,9.9918,9.9918,9.9918,3,,0,0,0,0,0,,0,0,0,,,
48:27.3,9.37692,0.27572,2.65228,0.24156,0.43188,2.595672,3,,0.61488,9.71608,7.33952,9.75024,9.55992,,0.61488,9.75024,7.396128,,,
48:28.3,3.78688,3.1232,1.09068,7.00036,9.9918,4.998584,3,,6.20492,6.8686,8.90112,2.99144,0,,0,8.90112,4.993216,,,
48:29.3,9.9918,9.9918,9.9918,9.9918,9.9918,9.9918,3,,0,0,0,0,0,,0,0,0,,,
48:30.3,3.14028,0.75396,0.89548,0.70516,2.7694,1.652856,3,,6.85152,9.23784,9.09632,9.28664,7.2224,,6.85152,9.28664,8.338944,,,
48:31.3,9.9918,9.9918,9.9918,9.9918,9.9918,9.9918,3,,0,0,0,0,0,,0,0,0,,,
48:32.3,9.9918,0.22692,9.9918,0.11712,0.22448,4.110424,3,,0,9.76488,0,9.87468,9.76732,,0,9.87468,5.881376,,,
48:33.3,3.782,7.61524,1.3054,9.9918,9.9918,6.537248,3,,6.2098,2.37656,8.6864,0,0,,0,8.6864,3.454552,,,
48:34.3,9.9918,9.9918,9.9918,9.9918,9.9918,9.9918,3,,0,0,0,0,0,,0,0,0,,,
48:35.3,3.0378,1.07604,0.87596,0.93696,2.3424,1.653832,3,,6.954,8.91576,9.11584,9.05484,7.6494,,6.954,9.11584,8.337968,,,
48:36.3,9.9918,9.9918,9.9918,9.9918,9.9918,9.9918,3,,0,0,0,0,0,,0,0,0,,,
48:37.3,6.59288,0.34892,1.4396,0.30012,1.01504,1.939312,3,,3.39892,9.64288,8.5522,9.69168,8.97676,,3.39892,9.69168,8.052488,,,
48:38.3,4.16508,9.9918,9.9918,9.9918,9.9918,8.826456,3,,5.82672,0,0,0,0,,0,5.82672,1.165344,,,
48:39.3,9.9918,9.9918,9.9918,9.9918,9.9918,9.9918,3,,0,0,0,0,0,,0,0,0,,,
48:40.3,3.1598,0.99064,0.93696,0.90524,4.6848,2.135488,3,,6.832,9.00116,9.05484,9.08656,5.307,,5.307,9.08656,7.856312,,,
48:41.3,9.9918,9.9918,9.9918,9.9918,9.9918,9.9918,3,,0,0,0,0,0,,0,0,0,,,
48:42.3,3.07684,0.66856,1.14436,0.59292,1.037,1.303936,3,,6.91496,9.32324,8.84744,9.39888,8.9548,,6.91496,9.39888,8.687864,,,
48:43.3,9.9918,9.9918,9.9918,9.9918,9.9918,9.9918,3,,0,0,0,0,0,,0,0,0,,,
48:44.3,9.9918,0.29036,9.9918,0.1952,0.22692,4.139216,3,,0,9.70144,0,9.7966,9.76488,,0,9.7966,5.852584,,,
48:45.3,3.85764,9.9918,5.978,9.9918,9.9918,7.962208,3,,6.13416,0,4.0138,0,0,,0,6.13416,2.029592,,,
48:46.3,9.9918,9.9918,9.9918,9.9918,9.9918,9.9918,3,,0,0,0,0,0,,0,0,0,,,
48:47.3,3.0256,0.82716,1.05652,0.76372,2.63276,1.661152,3,,6.9662,9.16464,8.93528,9.22808,7.35904,,6.9662,9.22808,8.330648,,,
48:48.3,9.9918,9.9918,9.9918,9.9918,9.9918,9.9918,3,,0,0,0,0,0,,0,0,0,,,
48:49.3,3.2452,1.37372,0.81496,1.33712,7.0516,2.76452,3,,6.7466,8.61808,9.17684,8.65468,2.9402,,2.9402,9.17684,7.22728,,,
48:50.3,9.9918,9.9918,9.9918,9.9918,9.9918,9.9918,3,,0,0,0,0,0,,0,0,0,,,
48:51.3,3.06708,0.854,0.976,0.72712,3.51848,1.828536,3,,6.92472,9.1378,9.0158,9.26468,6.47332,,6.47332,9.26468,8.163264,,,
48:52.3,9.9918,9.9918,9.9918,9.9918,9.9918,9.9918,3,,0,0,0,0,0,,0,0,0,,,
48:53.3,3.04024,0.82228,0.976,0.74176,2.91092,1.69824,3,,6.95156,9.16952,9.0158,9.25004,7.08088,,6.95156,9.25004,8.29356,,,
48:54.3,3.16712,1.49328,1.13216,1.342,5.88772,2.604456,3,,6.82468,8.49852,8.85964,8.6498,4.10408,,4.10408,8.85964,7.387344,,,
48:55.3,9.9918,9.9918,9.9918,9.9918,9.9918,9.9918,3,,0,0,0,0,0,,0,0,0,,,
48:56.3,3.13052,1.21024,0.91256,1.1468,4.51644,2.183312,3,,6.86128,8.78156,9.07924,8.845,5.47536,,5.47536,9.07924,7.808488,,,
48:57.3,9.9918,9.9918,9.9918,9.9918,9.9918,9.9918,3,,0,0,0,0,0,,0,0,0,,,
48:58.3,3.50872,1.57868,1.49328,1.525,9.9918,3.619496,3,,6.48308,8.41312,8.49852,8.4668,0,,0,8.49852,6.372304,,,
48:59.3,9.9918,9.9918,9.9918,9.9918,9.9918,9.9918,3,,0,0,0,0,0,,0,0,0,,,
49:00.3,3.16468,1.15168,1.04676,1.0248,5.89504,2.456592,3,,6.82712,8.84012,8.94504,8.967,4.09676,,4.09676,8.967,7.535208,,,
49:01.3,9.9918,9.9918,9.9918,9.9918,9.9918,9.9918,3,,0,0,0,0,0,,0,0,0,,,
49:02.3,3.16224,1.26148,1.21268,1.12972,6.27812,2.608848,3,,6.82956,8.73032,8.77912,8.86208,3.71368,,3.71368,8.86208,7.382952,,,
49:03.3,9.9918,9.9918,9.9918,9.9918,9.9918,9.9918,3,,0,0,0,0,0,,0,0,0,,,
49:04.3,3.35256,0.75396,2.47416,0.549,1.7568,1.777296,3,,6.63924,9.23784,7.51764,9.4428,8.235,,6.63924,9.4428,8.214504,,,
49:05.3,3.77712,4.2578,3.07928,7.87144,9.9918,5.795488,3,,6.21468,5.734,6.91252,2.12036,0,,0,6.91252,4.196312,,,
49:06.3,9.9918,9.9918,9.9918,3.71612,2.0862,7.155544,3,,0,0,0,6.27568,7.9056,,0,7.9056,2.836256,,,
49:07.3,5.12644,9.9918,9.9918,9.9918,9.9918,9.018728,3,,4.86536,0,0,0,0,,0,4.86536,0.973072,,,
49:08.3,2.9524,0.73688,0.976,0.63928,2.54736,1.570384,3,,7.0394,9.25492,9.0158,9.35252,7.44444,,7.0394,9.35252,8.421416,,,
49:09.3,9.9918,9.9918,9.9918,9.9918,9.9918,9.9918,3,,0,0,0,0,0,,0,0,0,,,
49:10.3,2.93044,0.63928,1.33956,0.64904,1.67384,1.446432,3,,7.06136,9.35252,8.65224,9.34276,8.31796,,7.06136,9.35252,8.545368,,,
49:11.3,9.9918,9.9918,9.9918,9.9918,9.9918,9.9918,3,,0,0,0,0,0,,0,0,0,,,
49:12.3,9.9918,0.73932,7.10528,0.45628,0.65148,3.788832,3,,0,9.25248,2.88652,9.53552,9.34032,,0,9.53552,6.202968,,,
49:13.3,3.63072,2.71816,1.80316,5.07764,9.9918,4.644296,3,,6.36108,7.27364,8.18864,4.91416,0,,0,8.18864,5.347504,,,
49:14.3,9.9918,9.9918,9.9918,9.9918,9.9918,9.9918,3,,0,0,0,0,0,,0,0,0,,,
49:15.3,3.00608,1.43228,1.4152,1.0492,3.53068,2.086688,3,,6.98572,8.55952,8.5766,8.9426,6.46112,,6.46112,8.9426,7.905112,,,
49:16.3,9.9918,9.9918,9.9918,9.9918,9.9918,9.9918,3,,0,0,0,0,0,,0,0,0,,,
49:17.3,2.97436,0.53924,0.94184,0.60024,1.95444,1.402024,3,,7.01744,9.45256,9.04996,9.39156,8.03736,,7.01744,9.45256,8.589776,,,
49:18.3,9.9918,9.9918,9.9918,9.9918,9.9918,9.9918,3,,0,0,0,0,0,,0,0,0,,,
49:19.3,9.9918,0.2196,1.05896,0.24156,0.66368,2.43512,3,,0,9.7722,8.93284,9.75024,9.32812,,0,9.7722,7.55668,,,
49:20.3,3.70636,9.9918,1.6836,9.9918,9.9918,7.073072,3,,6.28544,0,8.3082,0,0,,0,8.3082,2.918728,,,
49:21.3,9.9918,9.9918,9.9918,9.9918,9.9918,9.9918,3,,0,0,0,0,0,,0,0,0,,,
49:22.3,2.96704,0.66612,1.20292,0.63928,1.53476,1.402024,3,,7.02476,9.32568,8.78888,9.35252,8.45704,,7.02476,9.35252,8.589776,,,
49:23.3,9.9918,9.9918,9.9918,9.9918,9.9918,9.9918,3,,0,0,0,0,0,,0,0,0,,,
49:24.3,9.9918,2.5132,9.9918,0.66368,0.63684,4.759464,3,,0,7.4786,0,9.32812,9.35496,,0,9.35496,5.232336,,,
49:25.3,3.5258,6.8686,1.4884,5.97312,9.9918,5.569544,3,,6.466,3.1232,8.5034,4.01868,0,,0,8.5034,4.422256,,,
49:26.4,5.92188,9.9918,9.9918,9.9918,9.9918,9.177816,3,,4.06992,0,0,0,0,,0,4.06992,0.813984,,,
49:27.3,3.27204,2.05936,3.57948,2.28628,5.62664,3.36476,3,,6.71976,7.93244,6.41232,7.70552,4.36516,,4.36516,7.93244,6.62704,,,
49:28.3,3.2452,2.90604,7.37856,2.18624,5.81696,4.3066,3,,6.7466,7.08576,2.61324,7.80556,4.17484,,2.61324,7.80556,5.6852,,,
49:29.3,2.97192,1.01992,0.82472,1.28588,3.82592,1.985672,3,,7.01988,8.97188,9.16708,8.70592,6.16588,,6.16588,9.16708,8.006128,,,
49:30.3,9.9918,9.9918,9.9918,9.9918,9.9918,9.9918,3,,0,0,0,0,0,,0,0,0,,,
49:31.3,3.8918,0.33428,0.80276,0.40748,1.06872,1.301008,3,,6.1,9.65752,9.18904,9.58432,8.92308,,6.1,9.65752,8.690792,,,
49:32.3,3.70636,9.9918,1.68604,9.9918,9.9918,7.07356,3,,6.28544,0,8.30576,0,0,,0,8.30576,2.91824,,,
49:33.3,9.9918,9.9918,9.9918,9.9918,9.9918,9.9918,3,,0,0,0,0,0,,0,0,0,,,
49:34.4,4.02112,0.50752,1.71288,0.34404,1.21024,1.55916,3,,5.97068,9.48428,8.27892,9.64776,8.78156,,5.97068,9.64776,8.43264,,,
49:35.3,4.73848,9.9918,9.9918,9.9918,9.9918,8.941136,3,,5.25332,0,0,0,0,,0,5.25332,1.050664,,,
49:36.3,9.9918,9.9918,9.9918,9.9918,9.9918,9.9918,3,,0,0,0,0,0,,0,0,0,,,
49:37.3,3.15492,1.07604,1.13704,1.05408,6.4172,2.567856,3,,6.83688,8.91576,8.85476,8.93772,3.5746,,3.5746,8.93772,7.423944,,,
49:38.4,9.9918,9.9918,9.9918,9.9918,9.9918,9.9918,3,,0,0,0,0,0,,0,0,0,,,
49:39.4,6.93692,0.33672,2.07644,0.22448,0.8906,2.093032,3,,3.05488,9.65508,7.91536,9.76732,9.1012,,3.05488,9.76732,7.898768,,,
49:40.3,3.60876,4.90928,1.33956,9.9918,9.9918,5.96824,3,,6.38304,5.08252,8.65224,0,0,,0,8.65224,4.02356,,,
49:41.3,9.9918,9.9918,9.9918,9.9918,9.9918,9.9918,3,,0,0,0,0,0,,0,0,0,,,
49:42.4,2.9036,0.77836,1.13216,0.7198,2.56932,1.620648,3,,7.0882,9.21344,8.85964,9.272,7.42248,,7.0882,9.272,8.371152,,,
49:43.3,9.9918,9.9918,9.9918,9.9918,9.9918,9.9918,3,,0,0,0,0,0,,0,0,0,,,
49:44.3,3.18664,0.45628,0.82472,0.42212,1.28588,1.235128,3,,6.80516,9.53552,9.16708,9.56968,8.70592,,6.80516,9.56968,8.756672,,,
49:45.4,3.904,9.9918,9.9918,9.9918,9.9918,8.77424,3,,6.0878,0,0,0,0,,0,6.0878,1.21756,,,
49:46.3,9.9918,9.9918,9.9918,9.9918,9.9918,9.9918,3,,0,0,0,0,0,,0,0,0,,,
49:47.3,3.01828,0.93696,1.00772,0.76616,4.38224,2.022272,3,,6.97352,9.05484,8.98408,9.22564,5.60956,,5.60956,9.22564,7.969528,,,
49:48.4,9.9918,9.9918,9.9918,9.9918,9.9918,9.9918,3,,0,0,0,0,0,,0,0,0,,,
49:49.4,9.9918,0.30256,9.9918,0.12688,0.43676,4.16996,3,,0,9.68924,0,9.86492,9.55504,,0,9.86492,5.82184,,,
49:50.4,3.47456,1.51768,1.24684,2.05448,9.9918,3.657072,3,,6.51724,8.47412,8.74496,7.93732,0,,0,8.74496,6.334728,,,
49:51.4,9.9918,9.9918,9.9918,9.9918,9.9918,9.9918,3,,0,0,0,0,0,,0,0,0,,,
49:52.3,3.1232,1.1468,0.89792,1.09312,6.33668,2.519544,3,,6.8686,8.845,9.09388,8.89868,3.65512,,3.65512,9.09388,7.472256,,,
49:53.4,9.9918,9.9918,9.9918,9.9918,9.9918,9.9918,3,,0,0,0,0,0,,0,0,0,,,
49:54.4,2.89872,0.77348,1.1102,0.65636,1.01748,1.291248,3,,7.09308,9.21832,8.8816,9.33544,8.97432,,7.09308,9.33544,8.700552,,,
49:55.3,9.9918,9.9918,9.9918,9.9918,9.9918,9.9918,3,,0,0,0,0,0,,0,0,0,,,
49:56.4,9.9918,0.12688,1.18584,0.23912,0.49532,2.407792,3,,0,9.86492,8.80596,9.75268,9.49648,,0,9.86492,7.584008,,,
49:57.4,9.9918,9.9918,9.9918,9.9918,9.9918,9.9918,3,,0,0,0,0,0,,0,0,0,,,
49:58.4,9.9918,9.9918,9.9918,9.9918,9.9918,9.9918,3,,0,0,0,0,0,,0,0,0,,,
49:59.4,2.9158,0.81984,0.976,0.63684,2.51076,1.571848,3,,7.076,9.17196,9.0158,9.35496,7.48104,,7.076,9.35496,8.419952,,,
50:00.4,9.9918,9.9918,9.9918,9.9918,9.9918,9.9918,3,,0,0,0,0,0,,0,0,0,,,
50:01.4,2.89384,0.71004,0.8052,0.66124,2.5986,1.533784,3,,7.09796,9.28176,9.1866,9.33056,7.3932,,7.09796,9.33056,8.458016,,,
50:02.4,6.04876,9.9918,9.9918,9.9918,9.9918,9.203192,3,,3.94304,0,0,0,0,,0,3.94304,0.788608,,,
50:03.4,9.9918,1.891,9.9918,0.61244,0.8418,4.665768,3,,0,8.1008,0,9.37936,9.15,,0,9.37936,5.326032,,,
50:04.4,3.20128,1.41276,1.1346,1.58844,7.41028,2.949472,3,,6.79052,8.57904,8.8572,8.40336,2.58152,,2.58152,8.8572,7.042328,,,
50:05.4,9.9918,9.9918,9.9918,9.9918,9.9918,9.9918,3,,0,0,0,0,0,,0,0,0,,,
50:06.4,9.9918,0.244,9.9918,0.12932,0.41236,4.153856,3,,0,9.7478,0,9.86248,9.57944,,0,9.86248,5.837944,,,
50:07.4,3.15736,1.17364,0.92232,1.403,6.58556,2.648376,3,,6.83444,8.81816,9.06948,8.5888,3.40624,,3.40624,9.06948,7.343424,,,
50:08.4,9.9918,9.9918,9.9918,9.9918,9.9918,9.9918,3,,0,0,0,0,0,,0,0,0,,,
50:09.4,9.9918,0.2562,9.9918,0.04636,0.15616,4.088464,3,,0,9.7356,0,9.94544,9.83564,,0,9.94544,5.903336,,,
50:10.4,3.21592,1.7568,0.98088,3.60388,7.73724,3.458944,3,,6.77588,8.235,9.01092,6.38792,2.25456,,2.25456,9.01092,6.532856,,,
50:11.4,9.9918,9.9918,9.9918,9.9918,9.9918,9.9918,3,,0,0,0,0,0,,0,0,0,,,
50:12.4,2.90116,0.71736,1.18828,0.63684,1.55672,1.400072,3,,7.09064,9.27444,8.80352,9.35496,8.43508,,7.09064,9.35496,8.591728,,,
50:13.4,3.90888,9.9918,9.9918,9.9918,9.9918,8.775216,3,,6.08292,0,0,0,0,,0,6.08292,1.216584,,,
50:14.4,9.9918,9.9918,9.9918,9.9918,9.9918,9.9918,3,,0,0,0,0,0,,0,0,0,,,
50:15.4,2.98168,1.3176,0.88328,1.34688,4.68236,2.24236,3,,7.01012,8.6742,9.10852,8.64492,5.30944,,5.30944,9.10852,7.74944,,,
50:16.4,9.9918,9.9918,9.9918,9.9918,9.9918,9.9918,3,,0,0,0,0,0,,0,0,0,,,
50:17.4,3.12564,1.27612,1.09068,1.02236,6.36352,2.575664,3,,6.86616,8.71568,8.90112,8.96944,3.62828,,3.62828,8.96944,7.416136,,,
50:18.4,9.9918,9.9918,9.9918,9.9918,9.9918,9.9918,3,,0,0,0,0,0,,0,0,0,,,
50:19.4,6.1244,0.26596,1.01748,0.27816,0.92232,1.721664,3,,3.8674,9.72584,8.97432,9.71364,9.06948,,3.8674,9.72584,8.270136,,,
50:20.4,9.01824,9.9918,9.9918,9.9918,9.9918,9.797088,3,,0.97356,0,0,0,0,,0,0.97356,0.194712,,,
50:21.4,9.9918,9.9918,9.9918,9.9918,9.9918,9.9918,3,,0,0,0,0,0,,0,0,0,,,
50:22.4,2.99388,1.15412,0.84424,1.35664,4.67016,2.203808,3,,6.99792,8.83768,9.14756,8.63516,5.32164,,5.32164,9.14756,7.787992,,,
50:23.4,9.9918,9.9918,9.9918,9.9918,9.9918,9.9918,3,,0,0,0,0,0,,0,0,0,,,
50:24.4,9.9918,0.1952,3.56728,0.14884,0.20252,2.821128,3,,0,9.7966,6.42452,9.84296,9.78928,,0,9.84296,7.170672,,,
50:25.4,3.08172,1.55916,1.05408,3.77468,5.90236,3.0744,3,,6.91008,8.43264,8.93772,6.21712,4.08944,,4.08944,8.93772,6.9174,,,
50:26.4,9.9918,9.9918,9.9918,9.9918,9.9918,9.9918,3,,0,0,0,0,0,,0,0,0,,,
50:27.4,2.989,1.23708,1.342,1.3054,4.73116,2.320928,3,,7.0028,8.75472,8.6498,8.6864,5.26064,,5.26064,8.75472,7.670872,,,
50:28.4,9.9918,9.9918,9.9918,9.9918,9.9918,9.9918,3,,0,0,0,0,0,,0,0,0,,,
50:29.4,9.9918,0.27328,9.9918,0.15616,0.11712,4.106032,3,,0,9.71852,0,9.83564,9.87468,,0,9.87468,5.885768,,,
50:30.4,2.85724,1.65432,1.05896,3.08416,2.30824,2.192584,3,,7.13456,8.33748,8.93284,6.90764,7.68356,,6.90764,8.93284,7.799216,,,
50:31.4,9.9918,9.9918,9.9918,9.9918,9.9918,9.9918,3,,0,0,0,0,0,,0,0,0,,,
50:32.4,2.95972,1.07848,1.281,0.83448,4.31636,2.094008,3,,7.03208,8.91332,8.7108,9.15732,5.67544,,5.67544,9.15732,7.897792,,,
50:33.4,9.9918,9.9918,9.9918,9.9918,9.9918,9.9918,3,,0,0,0,0,0,,0,0,0,,,
50:34.4,9.9918,0.37332,1.49572,0.31232,0.85156,2.604944,3,,0,9.61848,8.49608,9.67948,9.14024,,0,9.67948,7.386856,,,
50:35.4,3.86008,1.525,0.44652,3.5014,9.9918,3.86496,3,,6.13172,8.4668,9.54528,6.4904,0,,0,9.54528,6.12684,,,
50:36.4,9.9918,9.9918,9.9918,9.9918,9.9918,9.9918,3,,0,0,0,0,0,,0,0,0,,,
50:37.4,3.68196,0.50752,1.1468,0.51484,0.66368,1.30296,3,,6.30984,9.48428,8.845,9.47696,9.32812,,6.30984,9.48428,8.68884,,,
50:38.4,9.9918,9.9918,9.9918,9.9918,9.9918,9.9918,3,,0,0,0,0,0,,0,0,0,,,
50:39.4,9.9918,9.9918,9.9918,9.9918,9.9918,9.9918,3,,0,0,0,0,0,,0,0,0,,,
50:40.4,2.989,1.50548,1.09312,1.97396,4.38956,2.390224,3,,7.0028,8.48632,8.89868,8.01784,5.60224,,5.60224,8.89868,7.601576,,,
50:41.4,9.9918,9.9918,9.9918,9.9918,9.9918,9.9918,3,,0,0,0,0,0,,0,0,0,,,
50:42.4,2.89384,0.9516,1.02968,0.81252,2.43756,1.62504,3,,7.09796,9.0402,8.96212,9.17928,7.55424,,7.09796,9.17928,8.36676,,,
50:43.4,9.9918,9.9918,9.9918,9.9918,9.9918,9.9918,3,,0,0,0,0,0,,0,0,0,,,
50:44.4,9.9918,0.33916,1.60064,0.34404,0.57096,2.56932,3,,0,9.65264,8.39116,9.64776,9.42084,,0,9.65264,7.42248,,,
50:45.4,3.68684,9.9918,1.39568,9.9918,9.9918,7.011584,3,,6.30496,0,8.59612,0,0,,0,8.59612,2.980216,,,
50:46.4,9.9918,9.9918,9.9918,9.9918,6.96376,9.386192,3,,0,0,0,0,3.02804,,0,3.02804,0.605608,,,
50:47.4,3.10124,1.53232,0.93696,0.97356,6.49528,2.607872,3,,6.89056,8.45948,9.05484,9.01824,3.49652,,3.49652,9.05484,7.383928,,,
50:48.4,9.9918,9.9918,9.9918,9.9918,9.9918,9.9918,3,,0,0,0,0,0,,0,0,0,,,
50:49.4,2.97436,0.61,1.10776,0.49776,1.26636,1.291248,3,,7.01744,9.3818,8.88404,9.49404,8.72544,,7.01744,9.49404,8.700552,,,
50:50.4,3.58436,3.79908,1.71532,7.56644,9.9918,5.3314,3,,6.40744,6.19272,8.27648,2.42536,0,,0,8.27648,4.6604,,,
50:51.4,9.9918,9.9918,9.9918,9.9918,9.9918,9.9918,3,,0,0,0,0,0,,0,0,0,,,
50:52.4,2.93532,0.54168,0.69052,0.5856,2.45952,1.442528,3,,7.05648,9.45012,9.30128,9.4062,7.53228,,7.05648,9.45012,8.549272,,,
50:53.4,9.9918,9.9918,9.9918,9.9918,9.9918,9.9918,3,,0,0,0,0,0,,0,0,0,,,
50:54.4,9.9918,9.9918,9.9918,2.27652,0.90768,6.63192,3,,0,0,0,7.71528,9.08412,,0,9.08412,3.35988,,,
50:55.4,2.88896,0.81496,1.07848,0.89548,2.47416,1.630408,3,,7.10284,9.17684,8.91332,9.09632,7.51764,,7.10284,9.17684,8.361392,,,
50:56.4,9.9918,9.9918,9.9918,9.9918,9.9918,9.9918,3,,0,0,0,0,0,,0,0,0,,,
50:57.4,2.88652,0.82228,0.976,0.70516,2.5132,1.580632,3,,7.10528,9.16952,9.0158,9.28664,7.4786,,7.10528,9.28664,8.411168,,,
50:58.4,3.71368,9.9918,9.9918,9.9918,9.9918,8.736176,3,,6.27812,0,0,0,0,,0,6.27812,1.255624,,,
50:59.4,9.9918,0.6466,9.9918,0.37576,0.27328,4.255848,3,,0,9.3452,0,9.61604,9.71852,,0,9.71852,5.735952,,,
51:00.5,3.56728,1.84708,1.2932,3.72344,9.9918,4.08456,3,,6.42452,8.14472,8.6986,6.26836,0,,0,8.6986,5.90724,,,
51:01.8,9.9918,9.9918,9.9918,9.9918,5.97068,9.187576,3,,0,0,0,0,4.02112,,0,4.02112,0.804224,,,
51:02.6,2.98168,1.04676,1.11508,0.976,4.46276,2.116456,3,,7.01012,8.94504,8.87672,9.0158,5.52904,,5.52904,9.0158,7.875344,,,
51:03.4,9.9918,9.9918,9.9918,9.9918,9.9918,9.9918,3,,0,0,0,0,0,,0,0,0,,,
51:04.4,2.8914,0.83692,0.87352,0.73444,2.7328,1.613816,3,,7.1004,9.15488,9.11828,9.25736,7.259,,7.1004,9.25736,8.377984,,,
51:05.5,9.9918,9.9918,9.9918,9.9918,9.9918,9.9918,3,,0,0,0,0,0,,0,0,0,,,
51:06.5,2.83528,0.98332,1.43716,0.88084,1.5006,1.52744,3,,7.15652,9.00848,8.55464,9.11096,8.4912,,7.15652,9.11096,8.46436,,,
51:07.4,9.9918,9.9918,9.9918,9.9918,9.9918,9.9918,3,,0,0,0,0,0,,0,0,0,,,
51:08.4,3.05976,1.41276,0.96624,0.8662,5.99508,2.460008,3,,6.93204,8.57904,9.02556,9.1256,3.99672,,3.99672,9.1256,7.531792,,,
51:09.4,9.9918,9.9918,9.9918,9.9918,9.9918,9.9918,3,,0,0,0,0,0,,0,0,0,,,
51:10.4,9.9918,9.9918,9.9918,2.17892,0.976,6.626064,3,,0,0,0,7.81288,9.0158,,0,9.0158,3.365736,,,
51:11.4,3.06952,1.40544,1.08824,1.22244,5.97556,2.55224,3,,6.92228,8.58636,8.90356,8.76936,4.01624,,4.01624,8.90356,7.43956,,,
51:12.4,9.9918,9.9918,9.9918,9.9918,9.9918,9.9918,3,,0,0,0,0,0,,0,0,0,,,
51:13.4,9.9918,0.76616,9.9918,0.3904,0.3904,4.306112,3,,0,9.22564,0,9.6014,9.6014,,0,9.6014,5.685688,,,
51:14.4,3.1232,1.19316,0.7076,1.37128,6.67584,2.614216,3,,6.8686,8.79864,9.2842,8.62052,3.31596,,3.31596,9.2842,7.377584,,,
51:15.4,9.9918,9.9918,9.9918,9.9918,9.9918,9.9918,3,,0,0,0,0,0,,0,0,0,,,
51:16.4,9.9918,0.2806,3.40136,0.22448,0.45628,2.870904,3,,0,9.7112,6.59044,9.76732,9.53552,,0,9.76732,7.120896,,,
51:17.5,3.55752,4.91416,1.54696,9.9918,9.9918,6.000448,3,,6.43428,5.07764,8.44484,0,0,,0,8.44484,3.991352,,,
51:18.4,9.9918,9.9918,9.9918,9.9918,9.9918,9.9918,3,,0,0,0,0,0,,0,0,0,,,
51:19.5,2.95484,0.68808,1.10288,0.5734,3.5746,1.77876,3,,7.03696,9.30372,8.88892,9.4184,6.4172,,6.4172,9.4184,8.21304,,,
51:20.4,4.29928,9.9918,9.9918,9.9918,9.9918,8.853296,3,,5.69252,0,0,0,0,,0,5.69252,1.138504,,,
51:21.5,9.9918,1.63236,9.9918,0.5856,0.88084,4.61648,3,,0,8.35944,0,9.4062,9.11096,,0,9.4062,5.37532,,,
51:22.4,3.1598,1.30784,1.11264,0.92476,7.30292,2.761592,3,,6.832,8.68396,8.87916,9.06704,2.68888,,2.68888,9.06704,7.230208,,,
51:23.5,9.9918,9.9918,9.9918,9.9918,9.9918,9.9918,3,,0,0,0,0,0,,0,0,0,,,
51:24.4,2.95972,0.8418,0.8906,0.72956,4.40664,1.965664,3,,7.03208,9.15,9.1012,9.26224,5.58516,,5.58516,9.26224,8.026136,,,
51:25.4,9.9918,9.9918,9.9918,9.9918,9.9918,9.9918,3,,0,0,0,0,0,,0,0,0,,,
51:26.4,9.9918,0.14884,9.9918,0.16592,0.1952,4.098712,3,,0,9.84296,0,9.82588,9.7966,,0,9.84296,5.893088,,,
51:27.4,3.08904,1.16876,0.84912,1.67628,6.49772,2.656184,3,,6.90276,8.82304,9.14268,8.31552,3.49408,,3.49408,9.14268,7.335616,,,
51:28.4,9.9918,9.9918,9.9918,9.9918,9.9918,9.9918,3,,0,0,0,0,0,,0,0,0,,,
51:29.4,6.68804,0.30012,2.33508,0.2318,0.52216,2.01544,3,,3.30376,9.69168,7.65672,9.76,9.46964,,3.30376,9.76,7.97636,,,
51:30.5,3.55752,6.78076,1.5616,9.9918,9.9918,6.376696,3,,6.43428,3.21104,8.4302,0,0,,0,8.4302,3.615104,,,
51:31.4,9.9918,9.9918,9.9918,9.9918,9.9918,9.9918,3,,0,0,0,0,0,,0,0,0,,,
51:32.5,3.06708,1.02724,1.04188,1.1224,6.08536,2.468792,3,,6.92472,8.96456,8.94992,8.8694,3.90644,,3.90644,8.96456,7.523008,,,
51:33.5,9.9918,9.9918,9.9918,9.9918,9.9918,9.9918,3,,0,0,0,0,0,,0,0,0,,,
51:34.5,9.9918,0.39528,3.78688,0.25376,0.48556,2.982656,3,,0,9.59652,6.20492,9.73804,9.50624,,0,9.73804,7.009144,,,
51:35.5,3.71368,9.9918,9.9918,9.9918,9.9918,8.736176,3,,6.27812,0,0,0,0,,0,6.27812,1.255624,,,
51:36.5,9.9918,9.9918,9.9918,9.9918,9.9918,9.9918,3,,0,0,0,0,0,,0,0,0,,,
51:37.5,3.1598,1.13216,0.9394,1.04676,7.78848,2.81332,3,,6.832,8.85964,9.0524,8.94504,2.20332,,2.20332,9.0524,7.17848,,,
51:38.5,9.9918,9.9918,9.9918,9.9918,9.9918,9.9918,3,,0,0,0,0,0,,0,0,0,,,
51:39.5,3.46236,0.89792,0.44164,3.98208,9.9918,3.75516,3,,6.52944,9.09388,9.55016,6.00972,0,,0,9.55016,6.23664,,,
51:40.5,9.9918,9.9918,9.9918,9.9918,9.9918,9.9918,3,,0,0,0,0,0,,0,0,0,,,
51:41.5,3.8796,0.46848,1.45668,0.366,0.976,1.429352,3,,6.1122,9.52332,8.53512,9.6258,9.0158,,6.1122,9.6258,8.562448,,,
51:42.5,3.68684,9.9918,3.27448,9.9918,9.9918,7.387344,3,,6.30496,0,6.71732,0,0,,0,6.71732,2.604456,,,
51:43.5,9.9918,9.9918,9.9918,9.9918,9.9918,9.9918,3,,0,0,0,0,0,,0,0,0,,,
51:44.5,2.90604,0.82472,1.12728,0.75396,3.23056,1.768512,3,,7.08576,9.16708,8.86452,9.23784,6.76124,,6.76124,9.23784,8.223288,,,
51:45.5,9.9918,9.9918,9.9918,9.9918,9.9918,9.9918,3,,0,0,0,0,0,,0,0,0,,,
51:46.4,9.9918,9.9918,9.9918,9.9918,9.9918,9.9918,3,,0,0,0,0,0,,0,0,0,,,
51:47.5,3.02316,1.0858,1.50792,1.13216,5.99752,2.549312,3,,6.96864,8.906,8.48388,8.85964,3.99428,,3.99428,8.906,7.442488,,,
51:48.5,9.9918,9.9918,9.9918,9.9918,9.9918,9.9918,3,,0,0,0,0,0,,0,0,0,,,
51:49.5,9.9918,0.27328,5.4778,0.18544,0.53192,3.292048,3,,0,9.71852,4.514,9.80636,9.45988,,0,9.80636,6.699752,,,
51:50.5,3.5014,5.94872,1.51524,9.9918,9.9918,6.189792,3,,6.4904,4.04308,8.47656,0,0,,0,8.47656,3.802008,,,
51:51.5,9.9918,9.9918,9.9918,9.9918,9.9918,9.9918,3,,0,0,0,0,0,,0,0,0,,,
51:52.5,2.87432,0.61488,1.72264,0.53192,2.61568,1.671888,3,,7.11748,9.37692,8.26916,9.45988,7.37612,,7.11748,9.45988,8.319912,,,
51:53.5,3.5502,4.12116,1.34444,5.58272,9.9918,4.918064,3,,6.4416,5.87064,8.64736,4.40908,0,,0,8.64736,5.073736,,,
51:54.5,9.9918,9.9918,9.9918,9.9918,9.9918,9.9918,3,,0,0,0,0,0,,0,0,0,,,
51:55.5,3.00608,1.05652,0.96624,0.94916,6.0756,2.41072,3,,6.98572,8.93528,9.02556,9.04264,3.9162,,3.9162,9.04264,7.58108,,,
51:56.5,9.9918,9.9918,9.9918,9.9918,9.9918,9.9918,3,,0,0,0,0,0,,0,0,0,,,
51:57.5,3.02316,0.83204,0.63928,0.66612,4.0382,1.83976,3,,6.96864,9.15976,9.35252,9.32568,5.9536,,5.9536,9.35252,8.15204,,,
51:58.5,4.17728,9.9918,9.9918,9.9918,9.9918,8.828896,3,,5.81452,0,0,0,0,,0,5.81452,1.162904,,,
51:59.5,9.9918,9.9918,9.9918,9.9918,9.9918,9.9918,3,,0,0,0,0,0,,0,0,0,,,
52:00.5,2.81088,0.74176,1.05408,0.68076,1.36884,1.331264,3,,7.18092,9.25004,8.93772,9.31104,8.62296,,7.18092,9.31104,8.660536,,,
52:01.5,9.9918,9.9918,9.9918,9.9918,9.9918,9.9918,3,,0,0,0,0,0,,0,0,0,,,
52:02.5,9.9918,9.9918,9.9918,9.9918,9.9918,9.9918,3,,0,0,0,0,0,,0,0,0,,,
52:03.5,2.92312,0.89792,0.99796,0.793,4.33344,1.989088,3,,7.06868,9.09388,8.99384,9.1988,5.65836,,5.65836,9.1988,8.002712,,,
52:04.5,9.9918,9.9918,9.9918,9.9918,9.9918,9.9918,3,,0,0,0,0,0,,0,0,0,,,
52:05.5,9.9918,0.3782,5.43632,0.18544,0.71248,3.340848,3,,0,9.6136,4.55548,9.80636,9.27932,,0,9.80636,6.650952,,,
52:06.5,3.52336,3.65512,1.84952,6.40012,9.9918,5.083984,3,,6.46844,6.33668,8.14228,3.59168,0,,0,8.14228,4.907816,,,
52:07.5,9.9918,9.9918,9.9918,9.9918,9.9918,9.9918,3,,0,0,0,0,0,,0,0,0,,,
52:08.5,2.77916,0.89548,1.37128,0.79056,2.44488,1.656272,3,,7.21264,9.09632,8.62052,9.20124,7.54692,,7.21264,9.20124,8.335528,,,
52:09.5,4.1846,9.9918,9.9918,3.90156,9.9918,7.612312,3,,5.8072,0,0,6.09024,0,,0,6.09024,2.379488,,,
52:10.5,9.9918,0.23912,1.4396,0.305,0.58072,2.511248,3,,0,9.75268,8.5522,9.6868,9.41108,,0,9.75268,7.480552,,,
52:11.5,3.69172,9.9918,1.27368,9.9918,9.9918,6.98816,3,,6.30008,0,8.71812,0,0,,0,8.71812,3.00364,,,
52:12.5,9.9918,9.9918,9.9918,9.9918,9.9918,9.9918,3,,0,0,0,0,0,,0,0,0,,,
52:13.5,2.8182,0.98088,0.81252,0.83936,3.3184,1.753872,3,,7.1736,9.01092,9.17928,9.15244,6.6734,,6.6734,9.17928,8.237928,,,
52:14.5,9.9918,9.9918,9.9918,9.9918,9.9918,9.9918,3,,0,0,0,0,0,,0,0,0,,,
52:15.5,2.82308,0.88328,0.9394,0.76372,3.01828,1.685552,3,,7.16872,9.10852,9.0524,9.22808,6.97352,,6.97352,9.22808,8.306248,,,
52:16.5,9.9918,9.9918,9.9918,9.9918,9.9918,9.9918,3,,0,0,0,0,0,,0,0,0,,,
52:17.5,9.9918,9.9918,9.9918,9.9918,9.9918,9.9918,3,,0,0,0,0,0,,0,0,0,,,
52:18.5,3.04024,1.06872,0.78812,1.30296,6.72708,2.585424,3,,6.95156,8.92308,9.20368,8.68884,3.26472,,3.26472,9.20368,7.406376,,,
52:19.5,9.9918,9.9918,9.9918,9.9918,9.9918,9.9918,3,,0,0,0,0,0,,0,0,0,,,
52:20.5,9.9918,0.33184,9.9918,0.16836,0.14152,4.125064,3,,0,9.65996,0,9.82344,9.85028,,0,9.85028,5.866736,,,
52:21.5,2.9768,1.098,1.29564,1.13216,5.54124,2.408768,3,,7.015,8.8938,8.69616,8.85964,4.45056,,4.45056,8.8938,7.583032,,,
52:22.5,9.9918,9.9918,9.9918,9.9918,9.9918,9.9918,3,,0,0,0,0,0,,0,0,0,,,
52:23.5,9.9918,0.27816,9.9918,0.16836,0.26596,4.139216,3,,0,9.71364,0,9.82344,9.72584,,0,9.82344,5.852584,,,
52:24.5,3.37452,1.31272,1.0858,1.13948,9.9918,3.380864,3,,6.61728,8.67908,8.906,8.85232,0,,0,8.906,6.610936,,,
52:25.5,9.9918,9.9918,9.9918,9.9918,9.9918,9.9918,3,,0,0,0,0,0,,0,0,0,,,
52:26.5,9.9918,0.11712,2.75964,0.14396,0.53436,2.709376,3,,0,9.87468,7.23216,9.84784,9.45744,,0,9.87468,7.282424,,,
52:27.5,3.20616,1.4274,0.83936,2.29116,9.5892,3.470656,3,,6.78564,8.5644,9.15244,7.70064,0.4026,,0.4026,9.15244,6.521144,,,
52:28.5,9.9918,9.9918,9.9918,9.9918,9.9918,9.9918,3,,0,0,0,0,0,,0,0,0,,,
52:29.5,9.9918,0.08296,9.9918,0.14396,0.17568,4.07724,3,,0,9.90884,0,9.84784,9.81612,,0,9.90884,5.91456,,,
52:30.5,3.06708,1.08092,0.75152,1.56404,6.93448,2.679608,3,,6.92472,8.91088,9.24028,8.42776,3.05732,,3.05732,9.24028,7.312192,,,
52:31.5,9.9918,9.9918,9.9918,9.9918,9.9918,9.9918,3,,0,0,0,0,0,,0,0,0,,,
52:32.5,9.9918,0.35136,9.9918,0.5002,0.46848,4.260728,3,,0,9.64044,0,9.4916,9.52332,,0,9.64044,5.731072,,,
52:33.5,3.05244,1.49328,2.4644,1.09312,7.11504,3.043656,3,,6.93936,8.49852,7.5274,8.89868,2.87676,,2.87676,8.89868,6.948144,,,
52:34.5,9.9918,9.9918,9.9918,9.9918,9.9918,9.9918,3,,0,0,0,0,0,,0,0,0,,,
52:35.5,9.9918,0.15616,9.9918,0.10736,0.244,4.098224,3,,0,9.83564,0,9.88444,9.7478,,0,9.88444,5.893576,,,
52:36.5,3.24032,1.59088,1.14436,1.99836,9.9918,3.593144,3,,6.75148,8.40092,8.84744,7.99344,0,,0,8.84744,6.398656,,,
52:37.5,9.9918,9.9918,9.9918,9.9918,9.9918,9.9918,3,,0,0,0,0,0,,0,0,0,,,
52:38.7,2.928,0.66856,1.83976,0.51484,2.18624,1.62748,3,,7.0638,9.32324,8.15204,9.47696,7.80556,,7.0638,9.47696,8.36432,,,
52:39.5,3.21592,1.33956,1.098,1.38104,9.9918,3.405264,3,,6.77588,8.65224,8.8938,8.61076,0,,0,8.8938,6.586536,,,
52:40.5,9.9918,9.9918,9.9918,9.9918,9.9918,9.9918,3,,0,0,0,0,0,,0,0,0,,,
52:41.5,3.00608,0.47092,1.14436,0.52216,1.33468,1.29564,3,,6.98572,9.52088,8.84744,9.46964,8.65712,,6.98572,9.52088,8.69616,,,
52:42.5,6.84664,9.9918,9.9918,9.9918,9.9918,9.362768,3,,3.14516,0,0,0,0,,0,3.14516,0.629032,,,
52:43.5,9.9918,9.9918,9.9918,9.9918,9.9918,9.9918,3,,0,0,0,0,0,,0,0,0,,,
52:44.5,2.85968,0.99552,1.08092,1.00772,4.33344,2.055456,3,,7.13212,8.99628,8.91088,8.98408,5.65836,,5.65836,8.99628,7.936344,,,
52:45.5,9.9918,9.9918,9.9918,9.9918,9.9918,9.9918,3,,0,0,0,0,0,,0,0,0,,,
52:46.5,9.9918,9.9918,9.9918,9.9918,7.99832,9.593104,3,,0,0,0,0,1.99348,,0,1.99348,0.398696,,,
52:47.5,2.85724,0.915,1.2078,0.915,4.18948,2.016904,3,,7.13456,9.0768,8.784,9.0768,5.80232,,5.80232,9.0768,7.974896,,,
52:48.5,9.9918,9.9918,9.9918,9.9918,9.9918,9.9918,3,,0,0,0,0,0,,0,0,0,,,
52:49.5,9.9918,9.9918,9.9918,9.9918,9.9918,9.9918,3,,0,0,0,0,0,,0,0,0,,,
52:50.5,2.95484,0.9028,1.03212,0.81984,5.80232,2.302384,3,,7.03696,9.089,8.95968,9.17196,4.18948,,4.18948,9.17196,7.689416,,,
52:51.5,9.9918,9.9918,9.9918,9.9918,9.9918,9.9918,3,,0,0,0,0,0,,0,0,0,,,
52:52.5,9.9918,1.97396,9.9918,0.93696,1.17364,4.813632,3,,0,8.01784,0,9.05484,8.81816,,0,9.05484,5.178168,,,
52:53.6,2.81088,0.84668,1.17852,0.68076,3.25496,1.75436,3,,7.18092,9.14512,8.81328,9.31104,6.73684,,6.73684,9.31104,8.23744,,,
52:54.5,9.9918,9.9918,9.9918,9.9918,9.9918,9.9918,3,,0,0,0,0,0,,0,0,0,,,
52:55.5,2.93288,0.66368,1.44448,0.88084,4.39444,2.063264,3,,7.05892,9.32812,8.54732,9.11096,5.59736,,5.59736,9.32812,7.928536,,,
52:56.6,3.08172,1.33712,1.0126,1.22488,7.48592,2.828448,3,,6.91008,8.65468,8.9792,8.76692,2.50588,,2.50588,8.9792,7.163352,,,
52:57.6,9.9918,9.9918,9.9918,9.9918,9.9918,9.9918,3,,0,0,0,0,0,,0,0,0,,,
52:58.5,2.806,0.97356,1.1956,1.06872,3.11832,1.83244,3,,7.1858,9.01824,8.7962,8.92308,6.87348,,6.87348,9.01824,8.15936,,,
52:59.5,9.9918,9.9918,9.9918,9.9918,9.9918,9.9918,3,,0,0,0,0,0,,0,0,0,,,
53:00.5,6.20492,0.42212,1.31516,0.34404,1.24684,1.906616,3,,3.78688,9.56968,8.67664,9.64776,8.74496,,3.78688,9.64776,8.085184,,,
53:01.5,9.9918,9.9918,9.9918,9.9918,9.9918,9.9918,3,,0,0,0,0,0,,0,0,0,,,
53:02.5,9.9918,9.9918,9.9918,9.9918,2.90604,8.574648,3,,0,0,0,0,7.08576,,0,7.08576,1.417152,,,
53:03.5,3.00608,1.07604,0.8906,0.976,6.49284,2.488312,3,,6.98572,8.91576,9.1012,9.0158,3.49896,,3.49896,9.1012,7.503488,,,
53:04.5,9.9918,9.9918,9.9918,9.9918,9.9918,9.9918,3,,0,0,0,0,0,,0,0,0,,,
53:05.6,9.9918,0.47336,1.6836,0.3782,1.05408,2.716208,3,,0,9.51844,8.3082,9.6136,8.93772,,0,9.6136,7.275592,,,
53:06.5,3.25496,1.11996,1.29564,1.65432,7.92512,3.05,3,,6.73684,8.87184,8.69616,8.33748,2.06668,,2.06668,8.87184,6.9418,,,
53:07.5,9.9918,9.9918,9.9918,9.9918,9.9918,9.9918,3,,0,0,0,0,0,,0,0,0,,,
53:08.5,2.97924,1.04676,1.04188,1.04188,6.75392,2.572736,3,,7.01256,8.94504,8.94992,8.94992,3.23788,,3.23788,8.94992,7.419064,,,
53:09.6,9.9918,9.9918,9.9918,9.9918,9.9918,9.9918,3,,0,0,0,0,0,,0,0,0,,,
53:10.6,9.9918,9.9918,9.9918,9.9918,9.9918,9.9918,3,,0,0,0,0,0,,0,0,0,,,
53:11.5,2.8548,0.9516,0.74664,0.96868,4.56768,2.01788,3,,7.137,9.0402,9.24516,9.02312,5.42412,,5.42412,9.24516,7.97392,,,
53:12.6,3.54044,4.24804,4.453,1.9764,9.9918,4.841936,3,,6.45136,5.74376,5.5388,8.0154,0,,0,8.0154,5.149864,,,
53:13.6,9.9918,9.9918,9.9918,9.9918,9.9918,9.9918,3,,0,0,0,0,0,,0,0,0,,,
53:14.6,2.8792,1.13216,1.07116,1.00284,4.53596,2.124264,3,,7.1126,8.85964,8.92064,8.98896,5.45584,,5.45584,8.98896,7.867536,,,
53:15.5,9.9918,9.9918,9.9918,9.9918,9.9918,9.9918,3,,0,0,0,0,0,,0,0,0,,,
53:16.6,9.9918,0.66612,9.9918,0.40748,0.2196,4.25536,3,,0,9.32568,0,9.58432,9.7722,,0,9.7722,5.73644,,,
54:29.5,9.9918,9.9918,9.9918,9.9918,9.9918,9.9918,3,,0,0,0,0,0,,0,0,0,,,
54:30.6,6.54896,0.30012,1.18828,0.26108,1.06872,1.873432,3,,3.44284,9.69168,8.80352,9.73072,8.92308,,3.44284,9.73072,8.118368,,,
54:31.6,3.54288,1.99592,1.2322,3.1354,9.9918,3.97964,3,,6.44892,7.99588,8.7596,6.8564,0,,0,8.7596,6.01216,,,
54:32.6,9.9918,9.9918,9.9918,9.9918,9.9918,9.9918,3,,0,0,0,0,0,,0,0,0,,,
54:33.6,6.61484,0.27572,2.09352,0.20984,0.89304,2.017392,3,,3.37696,9.71608,7.89828,9.78196,9.09876,,3.37696,9.78196,7.974408,,,
54:34.6,3.61852,7.7836,1.31516,9.9918,9.9918,6.540176,3,,6.37328,2.2082,8.67664,0,0,,0,8.67664,3.451624,,,
54:35.6,9.9918,9.9918,9.9918,9.9918,9.9918,9.9918,3,,0,0,0,0,0,,0,0,0,,,
54:37.1,3.0012,0.99308,1.27368,0.88816,5.44852,2.320928,3,,6.9906,8.99872,8.71812,9.10364,4.54328,,4.54328,9.10364,7.670872,,,
54:37.6,3.61364,3.35012,4.15044,2.49612,9.9918,4.720424,3,,6.37816,6.64168,5.84136,7.49568,0,,0,7.49568,5.271376,,,
54:38.6,9.9918,9.9918,9.9918,9.9918,9.9918,9.9918,3,,0,0,0,0,0,,0,0,0,,,
54:39.6,2.91092,0.80276,1.21268,0.87352,3.355,1.830976,3,,7.08088,9.18904,8.77912,9.11828,6.6368,,6.6368,9.18904,8.160824,,,
54:40.6,9.9918,9.9918,9.9918,9.9918,9.9918,9.9918,3,,0,0,0,0,0,,0,0,0,,,
54:41.6,9.9918,0.78812,9.9918,0.46604,0.58804,4.36516,3,,0,9.20368,0,9.52576,9.40376,,0,9.52576,5.62664,,,
54:42.6,3.46236,2.24236,1.03212,4.6726,9.9918,4.280248,3,,6.52944,7.74944,8.95968,5.3192,0,,0,8.95968,5.711552,,,
54:43.6,9.9918,9.9918,9.9918,9.9918,9.9918,9.9918,3,,0,0,0,0,0,,0,0,0,,,
54:44.6,9.68192,0.20496,2.56932,0.2074,0.50752,2.634224,3,,0.30988,9.78684,7.42248,9.7844,9.48428,,0.30988,9.78684,7.357576,,,
54:45.6,3.6478,3.95524,0.89792,9.9918,9.9918,5.696912,3,,6.344,6.03656,9.09388,0,0,,0,9.09388,4.294888,,,
54:46.6,9.9918,9.9918,9.9918,9.9918,9.9918,9.9918,3,,0,0,0,0,0,,0,0,0,,,
54:47.6,3.16712,0.67832,0.47092,0.65148,2.5376,1.501088,3,,6.82468,9.31348,9.52088,9.34032,7.4542,,6.82468,9.52088,8.490712,,,
54:48.6,9.9918,9.9918,9.9918,9.9918,9.9918,9.9918,3,,0,0,0,0,0,,0,0,0,,,
54:49.6,9.9918,0.30988,1.51524,0.27572,0.73688,2.565904,3,,0,9.68192,8.47656,9.71608,9.25492,,0,9.71608,7.425896,,,
54:50.6,2.92068,1.03944,1.28832,1.16144,4.36516,2.155008,3,,7.07112,8.95236,8.70348,8.83036,5.62664,,5.62664,8.95236,7.836792,,,
54:51.6,9.9918,9.9918,9.9918,9.9918,9.9918,9.9918,3,,0,0,0,0,0,,0,0,0,,,
54:52.6,5.75108,0.50752,1.60064,0.35868,0.8296,1.809504,3,,4.24072,9.48428,8.39116,9.63312,9.1622,,4.24072,9.63312,8.182296,,,
54:53.6,3.0622,0.74176,0.68076,1.05408,4.819,2.07156,3,,6.9296,9.25004,9.31104,8.93772,5.1728,,5.1728,9.31104,7.92024,,,
54:54.6,9.9918,9.9918,9.9918,9.9918,9.9918,9.9918,3,,0,0,0,0,0,,0,0,0,,,
54:55.6,2.93044,1.14924,0.93696,0.97844,5.6974,2.338496,3,,7.06136,8.84256,9.05484,9.01336,4.2944,,4.2944,9.05484,7.653304,,,
54:56.6,9.9918,9.9918,9.9918,9.9918,9.9918,9.9918,3,,0,0,0,0,0,,0,0,0,,,
54:57.6,9.9918,0.23424,9.9918,0.12444,0.45628,4.159712,3,,0,9.75756,0,9.86736,9.53552,,0,9.86736,5.832088,,,
54:58.6,3.25008,1.68604,1.67628,2.32044,9.9918,3.784928,3,,6.74172,8.30576,8.31552,7.67136,0,,0,8.31552,6.206872,,,
54:59.6,9.9918,9.9918,9.9918,9.9918,9.9918,9.9918,3,,0,0,0,0,0,,0,0,0,,,
55:00.6,3.2086,0.38308,0.78812,0.427,1.42252,1.245864,3,,6.7832,9.60872,9.20368,9.5648,8.56928,,6.7832,9.60872,8.745936,,,
55:01.6,3.78688,9.9918,9.9918,9.9918,9.9918,8.750816,3,,6.20492,0,0,0,0,,0,6.20492,1.240984,,,
55:02.6,9.9918,9.9918,9.9918,9.9918,9.9918,9.9918,3,,0,0,0,0,0,,0,0,0,,,
55:03.6,3.1232,1.13216,0.89304,1.51036,8.53268,3.038288,3,,6.8686,8.85964,9.09876,8.48144,1.45912,,1.45912,9.09876,6.953512,,,
55:04.6,9.9918,9.9918,9.9918,9.9918,9.9918,9.9918,3,,0,0,0,0,0,,0,0,0,,,
55:05.6,9.9918,0.23424,3.63804,0.183,0.62952,2.93532,3,,0,9.75756,6.35376,9.8088,9.36228,,0,9.8088,7.05648,,,
55:06.6,3.43308,5.307,1.78852,9.9918,9.9918,6.10244,3,,6.55872,4.6848,8.20328,0,0,,0,8.20328,3.88936,,,
55:07.6,9.9918,9.9918,9.9918,9.9918,9.9918,9.9918,3,,0,0,0,0,0,,0,0,0,,,
55:08.6,2.96704,1.0248,1.67628,1.09312,6.19028,2.590304,3,,7.02476,8.967,8.31552,8.89868,3.80152,,3.80152,8.967,7.401496,,,
55:09.6,9.9918,9.9918,9.9918,9.9918,9.9918,9.9918,3,,0,0,0,0,0,,0,0,0,,,
55:10.6,9.9918,1.89588,9.9918,2.77184,5.5144,6.033144,3,,0,8.09592,0,7.21996,4.4774,,0,8.09592,3.958656,,,
55:11.6,2.9646,1.17608,1.13948,1.0858,6.49772,2.572736,3,,7.0272,8.81572,8.85232,8.906,3.49408,,3.49408,8.906,7.419064,,,
55:12.6,9.9918,9.9918,9.9918,9.9918,9.9918,9.9918,3,,0,0,0,0,0,,0,0,0,,,
55:13.6,3.33548,0.5002,1.64456,0.43188,1.23464,1.429352,3,,6.65632,9.4916,8.34724,9.55992,8.75716,,6.65632,9.55992,8.562448,,,
55:14.6,9.9918,9.9918,9.9918,9.9918,9.9918,9.9918,3,,0,0,0,0,0,,0,0,0,,,
55:15.6,9.9918,9.9918,9.9918,3.5258,1.84464,7.069168,3,,0,0,0,6.466,8.14716,,0,8.14716,2.922632,,,
55:16.6,2.81332,0.72468,1.5128,0.7198,2.9646,1.74704,3,,7.17848,9.26712,8.479,9.272,7.0272,,7.0272,9.272,8.24476,,,
55:17.6,9.9918,9.9918,9.9918,9.9918,9.9918,9.9918,3,,0,0,0,0,0,,0,0,0,,,
55:18.6,9.9918,9.9918,9.9918,2.73524,1.53964,6.850056,3,,0,0,0,7.25656,8.45216,,0,8.45216,3.141744,,,
55:19.6,3.01828,1.02236,1.0126,1.17364,6.95888,2.637152,3,,6.97352,8.96944,8.9792,8.81816,3.03292,,3.03292,8.9792,7.354648,,,
55:20.6,9.9918,9.9918,9.9918,9.9918,9.9918,9.9918,3,,0,0,0,0,0,,0,0,0,,,
55:21.6,2.73036,0.97112,1.58844,0.8418,2.22284,1.670912,3,,7.26144,9.02068,8.40336,9.15,7.76896,,7.26144,9.15,8.320888,,,
55:22.6,3.5136,9.9918,1.62748,9.9918,9.9918,7.023296,3,,6.4782,0,8.36432,0,0,,0,8.36432,2.968504,,,
55:23.6,9.9918,9.9918,9.9918,9.9918,9.9918,9.9918,3,,0,0,0,0,0,,0,0,0,,,
55:24.6,2.75476,0.62708,1.15656,0.78812,2.48148,1.5616,3,,7.23704,9.36472,8.83524,9.20368,7.51032,,7.23704,9.36472,8.4302,,,
55:25.6,9.9918,9.9918,9.9918,9.9918,9.9918,9.9918,3,,0,0,0,0,0,,0,0,0,,,
55:26.6,4.63844,0.9394,9.9918,0.81984,1.52012,3.58192,3,,5.35336,9.0524,0,9.17196,8.47168,,0,9.17196,6.40988,,,
55:27.6,3.26716,3.68684,5.85844,2.78892,6.1732,4.354912,3,,6.72464,6.30496,4.13336,7.20288,3.8186,,3.8186,7.20288,5.636888,,,
55:28.6,9.9918,0.6588,9.9918,0.73688,1.2688,4.529616,3,,0,9.333,0,9.25492,8.723,,0,9.333,5.462184,,,
55:29.6,2.75964,0.91744,1.16876,1.01504,3.36232,1.84464,3,,7.23216,9.07436,8.82304,8.97676,6.62948,,6.62948,9.07436,8.14716,,,
55:30.6,9.9918,9.9918,9.9918,9.9918,9.9918,9.9918,3,,0,0,0,0,0,,0,0,0,,,
55:31.6,9.9918,0.2806,5.13132,0.25864,0.58804,3.25008,3,,0,9.7112,4.86048,9.73316,9.40376,,0,9.73316,6.74172,,,
55:32.6,3.04756,1.6226,1.14192,2.62544,7.67136,3.221776,3,,6.94424,8.3692,8.84988,7.36636,2.32044,,2.32044,8.84988,6.770024,,,
55:33.6,9.9918,9.9918,9.9918,9.9918,9.9918,9.9918,3,,0,0,0,0,0,,0,0,0,,,
55:34.6,4.32612,0.35136,1.02724,0.34648,0.85644,1.381528,3,,5.66568,9.64044,8.96456,9.64532,9.13536,,5.66568,9.64532,8.610272,,,
55:35.6,9.9918,9.9918,9.9918,9.9918,9.9918,9.9918,3,,0,0,0,0,0,,0,0,0,,,
55:36.6,9.9918,0.29036,9.9918,0.16348,0.45628,4.178744,3,,0,9.70144,0,9.82832,9.53552,,0,9.82832,5.813056,,,
55:37.6,3.50384,5.34604,1.7934,9.9918,9.9918,6.125376,3,,6.48796,4.64576,8.1984,0,0,,0,8.1984,3.866424,,,
55:38.6,9.9918,9.9918,9.9918,9.9918,9.9918,9.9918,3,,0,0,0,0,0,,0,0,0,,,
55:39.7,2.85724,0.66368,0.81984,0.62464,4.3676,1.8666,3,,7.13456,9.32812,9.17196,9.36716,5.6242,,5.6242,9.36716,8.1252,,,
55:40.6,9.9918,9.9918,9.9918,9.9918,9.9918,9.9918,3,,0,0,0,0,0,,0,0,0,,,
55:41.6,9.9918,9.9918,9.9918,9.9918,6.02436,9.198312,3,,0,0,0,0,3.96744,,0,3.96744,0.793488,,,
55:42.6,3.35256,1.69824,2.44976,0.83448,9.9918,3.665368,3,,6.63924,8.29356,7.54204,9.15732,0,,0,9.15732,6.326432,,,
55:43.6,9.9918,9.9918,9.9918,9.9918,9.9918,9.9918,3,,0,0,0,0,0,,0,0,0,,,
55:44.6,2.76452,0.66856,1.38836,0.671,2.90604,1.679696,3,,7.22728,9.32324,8.60344,9.3208,7.08576,,7.08576,9.32324,8.312104,,,
55:45.6,9.9918,9.9918,9.9918,9.9918,9.9918,9.9918,3,,0,0,0,0,0,,0,0,0,,,
55:46.6,9.9918,0.19764,9.9918,0.20252,0.29524,4.1358,3,,0,9.79416,0,9.78928,9.69656,,0,9.79416,5.856,,,
55:47.6,3.47456,1.59332,1.28344,1.6104,9.9918,3.590704,3,,6.51724,8.39848,8.70836,8.3814,0,,0,8.70836,6.401096,,,
55:48.6,9.9918,9.9918,9.9918,9.9918,9.9918,9.9918,3,,0,0,0,0,0,,0,0,0,,,
55:49.6,2.94508,0.93452,0.96868,0.90036,5.53636,2.257,3,,7.04672,9.05728,9.02312,9.09144,4.45544,,4.45544,9.09144,7.7348,,,
55:50.6,9.9918,9.9918,9.9918,9.9918,9.9918,9.9918,3,,0,0,0,0,0,,0,0,0,,,
55:51.6,9.9918,0.11224,2.22284,0.28792,0.31232,2.585424,3,,0,9.87956,7.76896,9.70388,9.67948,,0,9.87956,7.406376,,,
55:52.6,3.44284,1.55428,0.91988,6.15612,9.9918,4.412984,3,,6.54896,8.43752,9.07192,3.83568,0,,0,9.07192,5.578816,,,
55:53.6,9.9918,9.9918,9.9918,9.9918,9.9918,9.9918,3,,0,0,0,0,0,,0,0,0,,,
55:54.6,2.79624,0.68564,1.18828,0.5856,2.84748,1.620648,3,,7.19556,9.30616,8.80352,9.4062,7.14432,,7.14432,9.4062,8.371152,,,
55:55.6,3.82592,9.9918,1.64456,9.9918,9.9918,7.089176,3,,6.16588,0,8.34724,0,0,,0,8.34724,2.902624,,,
55:56.6,9.9918,9.9918,9.9918,9.9918,9.9918,9.9918,3,,0,0,0,0,0,,0,0,0,,,
55:57.6,2.85724,0.96624,1.11996,0.77592,5.03372,2.150616,3,,7.13456,9.02556,8.87184,9.21588,4.95808,,4.95808,9.21588,7.841184,,,
55:58.6,3.51848,5.76572,1.69092,9.9918,9.9918,6.191744,3,,6.47332,4.22608,8.30088,0,0,,0,8.30088,3.800056,,,
55:59.6,9.9918,9.9918,9.9918,9.9918,6.73928,9.341296,3,,0,0,0,0,3.25252,,0,3.25252,0.650504,,,
56:00.6,2.9158,1.1956,1.56404,1.02968,6.10732,2.562488,3,,7.076,8.7962,8.42776,8.96212,3.88448,,3.88448,8.96212,7.429312,,,
56:01.6,9.9918,9.9918,9.9918,9.9918,9.9918,9.9918,3,,0,0,0,0,0,,0,0,0,,,
56:02.6,2.81332,0.88328,1.10776,0.78812,4.36028,1.990552,3,,7.17848,9.10852,8.88404,9.20368,5.63152,,5.63152,9.20368,8.001248,,,
56:03.6,3.7454,9.9918,9.9918,9.9918,9.9918,8.74252,3,,6.2464,0,0,0,0,,0,6.2464,1.24928,,,
56:04.6,9.9918,9.9918,9.9918,9.9918,9.9918,9.9918,3,,0,0,0,0,0,,0,0,0,,,
56:05.6,2.91092,0.58804,0.94428,0.48312,1.98128,1.381528,3,,7.08088,9.40376,9.04752,9.50868,8.01052,,7.08088,9.50868,8.610272,,,
56:06.6,3.85032,9.9918,9.9918,9.9918,9.9918,8.763504,3,,6.14148,0,0,0,0,,0,6.14148,1.228296,,,
56:07.7,9.9918,9.9918,9.9918,9.9918,9.9918,9.9918,3,,0,0,0,0,0,,0,0,0,,,
56:08.6,3.12564,0.42944,0.93696,0.45628,1.16876,1.223416,3,,6.86616,9.56236,9.05484,9.53552,8.82304,,6.86616,9.56236,8.768384,,,
56:09.6,3.51116,9.9918,1.0248,9.9918,9.9918,6.902272,3,,6.48064,0,8.967,0,0,,0,8.967,3.089528,,,
56:10.7,9.9918,9.9918,9.9918,9.9918,9.9918,9.9918,3,,0,0,0,0,0,,0,0,0,,,
56:11.6,5.41436,0.36844,1.22244,0.28548,1.01992,1.662128,3,,4.57744,9.62336,8.76936,9.70632,8.97188,,4.57744,9.70632,8.329672,,,
56:12.7,3.44284,9.9918,1.72508,9.9918,9.9918,7.028664,3,,6.54896,0,8.26672,0,0,,0,8.26672,2.963136,,,
56:13.7,9.9918,9.9918,9.9918,9.9918,9.9918,9.9918,3,,0,0,0,0,0,,0,0,0,,,
56:14.7,2.87676,1.0248,1.41276,1.11508,6.03656,2.493192,3,,7.11504,8.967,8.57904,8.87672,3.95524,,3.95524,8.967,7.498608,,,
56:15.7,9.9918,9.9918,9.9918,9.9918,9.9918,9.9918,3,,0,0,0,0,0,,0,0,0,,,
56:16.7,9.9918,0.08052,3.90156,0.15616,0.4148,2.908968,3,,0,9.91128,6.09024,9.83564,9.577,,0,9.91128,7.082832,,,
56:17.7,2.92312,1.403,0.95892,3.30132,5.72424,2.86212,3,,7.06868,8.5888,9.03288,6.69048,4.26756,,4.26756,9.03288,7.12968,,,
56:18.7,9.9918,9.9918,9.9918,9.9918,9.9918,9.9918,3,,0,0,0,0,0,,0,0,0,,,
56:19.7,9.9918,0.2196,9.9918,0.1098,0.30744,4.124088,3,,0,9.7722,0,9.882,9.68436,,0,9.882,5.867712,,,
56:20.7,2.88164,0.87108,1.21268,1.01992,4.75556,2.148176,3,,7.11016,9.12072,8.77912,8.97188,5.23624,,5.23624,9.12072,7.843624,,,
56:21.6,9.9918,9.9918,9.9918,9.9918,9.9918,9.9918,3,,0,0,0,0,0,,0,0,0,,,
56:22.6,9.9918,2.58396,9.9918,0.66612,0.83204,4.813144,3,,0,7.40784,0,9.32568,9.15976,,0,9.32568,5.178656,,,
56:23.7,2.77184,0.62464,0.976,0.83692,2.67668,1.577216,3,,7.21996,9.36716,9.0158,9.15488,7.31512,,7.21996,9.36716,8.414584,,,
56:24.7,9.9918,9.9918,9.9918,9.9918,9.9918,9.9918,3,,0,0,0,0,0,,0,0,0,,,
56:25.7,9.9918,0.1952,9.9918,0.11224,0.18544,4.095296,3,,0,9.7966,0,9.87956,9.80636,,0,9.87956,5.896504,,,
56:26.7,3.41844,3.47212,1.43716,9.9918,9.9918,5.662264,3,,6.57336,6.51968,8.55464,0,0,,0,8.55464,4.329536,,,
56:27.7,9.9918,9.9918,9.9918,9.9918,9.9918,9.9918,3,,0,0,0,0,0,,0,0,0,,,
56:28.7,2.77184,0.60268,1.21268,0.52216,1.769,1.375672,3,,7.21996,9.38912,8.77912,9.46964,8.2228,,7.21996,9.46964,8.616128,,,
56:29.7,9.9918,9.9918,9.9918,9.9918,9.9918,9.9918,3,,0,0,0,0,0,,0,0,0,,,
56:30.7,9.9918,9.9918,9.9918,9.9918,9.9918,9.9918,3,,0,0,0,0,0,,0,0,0,,,
56:31.7,2.87432,2.867,1.49328,4.4042,4.62136,3.252032,3,,7.11748,7.1248,8.49852,5.5876,5.37044,,5.37044,8.49852,6.739768,,,
56:32.7,9.9918,9.9918,9.9918,9.9918,9.9918,9.9918,3,,0,0,0,0,0,,0,0,0,,,
56:33.7,2.72548,0.61244,1.09068,0.63196,1.60064,1.33224,3,,7.26632,9.37936,8.90112,9.35984,8.39116,,7.26632,9.37936,8.65956,,,
56:34.7,3.40868,9.9918,3.25008,9.9918,9.9918,7.326832,3,,6.58312,0,6.74172,0,0,,0,6.74172,2.664968,,,
56:35.7,9.9918,9.9918,9.9918,9.9918,9.9918,9.9918,3,,0,0,0,0,0,,0,0,0,,,
56:36.7,3.00608,0.91256,0.54412,1.02236,6.82712,2.462448,3,,6.98572,9.07924,9.44768,8.96944,3.16468,,3.16468,9.44768,7.529352,,,
56:37.7,9.9918,9.9918,9.9918,9.9918,9.9918,9.9918,3,,0,0,0,0,0,,0,0,0,,,
56:38.7,9.9918,9.9918,9.9918,9.9918,9.9918,9.9918,3,,0,0,0,0,0,,0,0,0,,,
56:39.7,2.75232,0.75396,0.95404,0.92476,2.71572,1.62016,3,,7.23948,9.23784,9.03776,9.06704,7.27608,,7.23948,9.23784,8.37164,,,
56:40.7,9.9918,9.9918,9.9918,9.9918,9.9918,9.9918,3,,0,0,0,0,0,,0,0,0,,,
56:41.7,9.9918,0.58316,9.9918,0.28304,0.22936,4.215832,3,,0,9.40864,0,9.70876,9.76244,,0,9.76244,5.775968,,,
56:42.7,2.95728,1.05408,1.09556,1.2078,6.58312,2.579568,3,,7.03452,8.93772,8.89624,8.784,3.40868,,3.40868,8.93772,7.412232,,,
56:43.7,9.9918,9.9918,9.9918,9.9918,9.9918,9.9918,3,,0,0,0,0,0,,0,0,0,,,
56:44.7,3.62828,0.366,1.60064,0.4026,2.00812,1.601128,3,,6.36352,9.6258,8.39116,9.5892,7.98368,,6.36352,9.6258,8.390672,,,
56:45.7,3.20128,1.77388,2.31556,2.3424,6.75148,3.27692,3,,6.79052,8.21792,7.67624,7.6494,3.24032,,3.24032,8.21792,6.71488,,,
56:46.7,9.9918,0.32208,0.81984,1.13216,2.806,3.014376,3,,0,9.66972,9.17196,8.85964,7.1858,,0,9.66972,6.977424,,,
56:47.7,2.90848,1.18584,1.01504,1.28832,5.82184,2.443904,3,,7.08332,8.80596,8.97676,8.70348,4.16996,,4.16996,8.97676,7.547896,,,
56:48.7,9.9918,9.9918,9.9918,9.9918,9.9918,9.9918,3,,0,0,0,0,0,,0,0,0,,,
56:49.7,2.8792,0.87596,0.88084,0.79544,5.42656,2.1716,3,,7.1126,9.11584,9.11096,9.19636,4.56524,,4.56524,9.19636,7.8202,,,
56:50.7,9.9918,9.9918,9.9918,9.9918,9.9918,9.9918,3,,0,0,0,0,0,,0,0,0,,,
56:51.7,9.9918,4.58476,9.9918,0.95892,0.9516,5.295776,3,,0,5.40704,0,9.03288,9.0402,,0,9.0402,4.696024,,,
56:52.7,2.9158,1.03212,0.84668,1.78364,6.37572,2.590792,3,,7.076,8.95968,9.14512,8.20816,3.61608,,3.61608,9.14512,7.401008,,,
56:53.7,9.9918,9.9918,9.9918,9.9918,9.9918,9.9918,3,,0,0,0,0,0,,0,0,0,,,
56:54.7,9.9918,0.2196,9.9918,0.1952,0.55876,4.191432,3,,0,9.7722,0,9.7966,9.43304,,0,9.7966,5.800368,,,
56:55.7,2.928,1.33956,1.18828,1.83,6.6368,2.784528,3,,7.0638,8.65224,8.80352,8.1618,3.355,,3.355,8.80352,7.207272,,,
56:56.7,9.9918,9.9918,9.9918,9.9918,9.9918,9.9918,3,,0,0,0,0,0,,0,0,0,,,
56:57.7,6.79784,0.50752,7.54204,0.29768,0.98088,3.225192,3,,3.19396,9.48428,2.44976,9.69412,9.01092,,2.44976,9.69412,6.766608,,,
56:58.7,2.77672,1.21268,0.84424,1.403,4.07724,2.062776,3,,7.21508,8.77912,9.14756,8.5888,5.91456,,5.91456,9.14756,7.929024,,,
56:59.7,9.9918,9.9918,9.9918,9.9918,9.9918,9.9918,3,,0,0,0,0,0,,0,0,0,,,
57:00.7,6.71732,0.3294,2.15452,0.24888,0.66368,2.02276,3,,3.27448,9.6624,7.83728,9.74292,9.32812,,3.27448,9.74292,7.96904,,,
57:01.7,3.4282,2.58884,2.36192,2.9768,9.9918,4.269512,3,,6.5636,7.40296,7.62988,7.015,0,,0,7.62988,5.722288,,,
57:02.7,9.9918,9.9918,9.9918,6.28544,5.98776,8.44972,3,,0,0,0,3.70636,4.00404,,0,4.00404,1.54208,,,
57:03.7,2.90116,1.02236,1.40544,1.0248,5.9902,2.468792,3,,7.09064,8.96944,8.58636,8.967,4.0016,,4.0016,8.96944,7.523008,,,
57:04.7,9.9918,9.9918,9.9918,9.9918,9.9918,9.9918,3,,0,0,0,0,0,,0,0,0,,,
57:05.7,2.77428,0.549,1.09312,0.55144,2.82308,1.558184,3,,7.21752,9.4428,8.89868,9.44036,7.16872,,7.16872,9.4428,8.433616,,,
57:06.7,3.34524,1.79584,1.08824,9.9918,9.9918,5.242584,3,,6.64656,8.19596,8.90356,0,0,,0,8.90356,4.749216,,,
57:07.7,9.9918,9.9918,9.9918,9.9918,9.9918,9.9918,3,,0,0,0,0,0,,0,0,0,,,
57:08.7,2.69376,0.67832,0.96136,0.72956,2.68888,1.550376,3,,7.29804,9.31348,9.03044,9.26224,7.30292,,7.29804,9.31348,8.441424,,,
57:09.7,9.9918,9.9918,9.9918,9.9918,5.21672,9.036784,3,,0,0,0,0,4.77508,,0,4.77508,0.955016,,,
57:10.7,2.81332,1.02968,1.1956,1.08336,3.32572,1.889536,3,,7.17848,8.96212,8.7962,8.90844,6.66608,,6.66608,8.96212,8.102264,,,
57:11.7,9.9918,9.9918,9.9918,9.9918,9.9918,9.9918,3,,0,0,0,0,0,,0,0,0,,,
57:12.7,2.78892,1.39324,2.31068,1.17608,4.14068,2.36192,3,,7.20288,8.59856,7.68112,8.81572,5.85112,,5.85112,8.81572,7.62988,,,
57:13.7,9.9918,9.9918,9.9918,9.9918,9.9918,9.9918,3,,0,0,0,0,0,,0,0,0,,,
57:14.7,2.77184,1.159,1.78852,1.037,4.5384,2.258952,3,,7.21996,8.8328,8.20328,8.9548,5.4534,,5.4534,8.9548,7.732848,,,
57:15.7,9.9918,9.9918,9.9918,9.9918,9.9918,9.9918,3,,0,0,0,0,0,,0,0,0,,,
57:16.7,9.9918,0.65148,9.9918,0.46604,0.88572,4.397368,3,,0,9.34032,0,9.52576,9.10608,,0,9.52576,5.594432,,,
57:17.7,9.9918,9.9918,9.9918,9.9918,9.9918,9.9918,3,,0,0,0,0,0,,0,0,0,,,
57:18.7,2.8182,1.44204,1.44692,1.17852,5.4046,2.458056,3,,7.1736,8.54976,8.54488,8.81328,4.5872,,4.5872,8.81328,7.533744,,,
57:19.7,9.9918,9.9918,9.9918,9.9918,9.9918,9.9918,3,,0,0,0,0,0,,0,0,0,,,
57:20.7,9.9918,9.9918,9.9918,9.9918,9.9918,9.9918,3,,0,0,0,0,0,,0,0,0,,,
57:21.7,2.88408,0.83204,0.8662,0.89792,5.37288,2.170624,3,,7.10772,9.15976,9.1256,9.09388,4.61892,,4.61892,9.15976,7.821176,,,
57:22.7,9.9918,9.9918,9.9918,9.9918,9.9918,9.9918,3,,0,0,0,0,0,,0,0,0,,,
57:23.8,9.9918,0.183,9.9918,0.27328,0.42944,4.173864,3,,0,9.8088,0,9.71852,9.56236,,0,9.8088,5.817936,,,
57:24.7,2.92556,1.3786,0.87108,1.93736,5.87796,2.598112,3,,7.06624,8.6132,9.12072,8.05444,4.11384,,4.11384,9.12072,7.393688,,,
57:25.7,9.9918,9.9918,9.9918,9.9918,9.9918,9.9918,3,,0,0,0,0,0,,0,0,0,,,
57:26.7,2.83528,0.64904,1.525,0.5856,1.36884,1.392752,3,,7.15652,9.34276,8.4668,9.4062,8.62296,,7.15652,9.4062,8.599048,,,
57:27.8,3.42088,2.04716,2.20088,2.84992,9.9918,4.102128,3,,6.57092,7.94464,7.79092,7.14188,0,,0,7.94464,5.889672,,,
57:28.7,9.9918,9.9918,9.9918,9.9918,9.9918,9.9918,3,,0,0,0,0,0,,0,0,0,,,
57:29.7,2.9524,1.098,1.13216,1.44692,7.06624,2.739144,3,,7.0394,8.8938,8.85964,8.54488,2.92556,,2.92556,8.8938,7.252656,,,
57:30.7,9.9918,9.9918,9.9918,9.9918,9.9918,9.9918,3,,0,0,0,0,0,,0,0,0,,,
57:31.7,9.9918,9.9918,9.9918,9.9918,2.78648,8.550736,3,,0,0,0,0,7.20532,,0,7.20532,1.441064,,,
57:32.7,2.85968,0.98576,0.79544,1.1102,5.32164,2.214544,3,,7.13212,9.00604,9.19636,8.8816,4.67016,,4.67016,9.19636,7.777256,,,
57:33.7,9.9918,9.9918,9.9918,9.9918,9.9918,9.9918,3,,0,0,0,0,0,,0,0,0,,,
57:34.7,9.9918,0.38064,9.9918,0.17812,0.70272,4.249016,3,,0,9.61116,0,9.81368,9.28908,,0,9.81368,5.742784,,,
57:35.7,2.99876,1.22732,1.35176,1.85928,7.29804,2.947032,3,,6.99304,8.76448,8.64004,8.13252,2.69376,,2.69376,8.76448,7.044768,,,
57:36.7,9.9918,9.9918,9.9918,9.9918,9.9918,9.9918,3,,0,0,0,0,0,,0,0,0,,,
57:37.7,2.82308,1.01748,0.92964,0.8662,5.24844,2.176968,3,,7.16872,8.97432,9.06216,9.1256,4.74336,,4.74336,9.1256,7.814832,,,
57:38.8,5.2338,9.9918,9.9918,9.9918,9.9918,9.0402,3,,4.758,0,0,0,0,,0,4.758,0.9516,,,
57:39.7,9.9918,9.9918,9.9918,9.9918,9.9918,9.9918,3,,0,0,0,0,0,,0,0,0,,,
57:40.7,2.74256,0.76616,1.36152,0.81984,2.97924,1.733864,3,,7.24924,9.22564,8.63028,9.17196,7.01256,,7.01256,9.22564,8.257936,,,
57:41.7,3.27692,1.3786,5.57052,1.21024,4.85316,3.257888,3,,6.71488,8.6132,4.42128,8.78156,5.13864,,4.42128,8.78156,6.733912,,,
57:42.7,5.17768,9.9918,9.9918,9.9918,9.9918,9.028976,3,,4.81412,0,0,0,0,,0,4.81412,0.962824,,,
57:43.7,2.96704,1.04188,0.89792,1.05164,7.2102,2.633736,3,,7.02476,8.94992,9.09388,8.94016,2.7816,,2.7816,9.09388,7.358064,,,
57:44.7,9.9918,9.9918,9.9918,9.9918,9.9918,9.9918,3,,0,0,0,0,0,,0,0,0,,,
57:45.7,9.9918,0.20984,9.9918,0.11712,0.427,4.147512,3,,0,9.78196,0,9.87468,9.5648,,0,9.87468,5.844288,,,
57:46.7,2.84016,1.05408,0.88572,1.71044,4.85072,2.268224,3,,7.15164,8.93772,9.10608,8.28136,5.14108,,5.14108,9.10608,7.723576,,,
57:47.7,9.9918,9.9918,9.9918,9.9918,9.9918,9.9918,3,,0,0,0,0,0,,0,0,0,,,
57:48.7,6.48796,0.2562,1.87148,0.20984,0.75884,1.916864,3,,3.50384,9.7356,8.12032,9.78196,9.23296,,3.50384,9.78196,8.074936,,,
57:49.8,3.00608,1.0858,0.7808,2.03496,7.43468,2.868464,3,,6.98572,8.906,9.211,7.95684,2.55712,,2.55712,9.211,7.123336,,,
57:50.8,9.9918,9.9918,9.9918,9.9918,9.9918,9.9918,3,,0,0,0,0,0,,0,0,0,,,
57:51.8,3.71368,0.41236,0.92964,0.34892,1.12484,1.305888,3,,6.27812,9.57944,9.06216,9.64288,8.86696,,6.27812,9.64288,8.685912,,,
57:52.8,3.2452,6.0512,1.48352,9.9918,9.76,6.106344,3,,6.7466,3.9406,8.50828,0,0.2318,,0,8.50828,3.885456,,,
57:53.7,9.9918,9.9918,9.9918,9.9918,9.9918,9.9918,3,,0,0,0,0,0,,0,0,0,,,
57:54.8,2.85236,0.9516,1.13704,0.976,5.70716,2.324832,3,,7.13944,9.0402,8.85476,9.0158,4.28464,,4.28464,9.0402,7.666968,,,
57:55.8,9.9918,9.9918,9.9918,9.9918,9.9918,9.9918,3,,0,0,0,0,0,,0,0,0,,,
57:56.8,9.9918,9.9918,9.9918,1.281,1.91296,6.633872,3,,0,0,0,8.7108,8.07884,,0,8.7108,3.357928,,,
57:57.8,2.69376,0.9882,1.32736,0.81984,3.2696,1.819752,3,,7.29804,9.0036,8.66444,9.17196,6.7222,,6.7222,9.17196,8.172048,,,
57:58.7,9.9918,9.9918,9.9918,9.9918,9.9918,9.9918,3,,0,0,0,0,0,,0,0,0,,,
57:59.8,2.77428,1.03944,1.05408,1.13216,4.4896,2.097912,3,,7.21752,8.95236,8.93772,8.85964,5.5022,,5.5022,8.95236,7.893888,,,
58:00.7,9.9918,9.9918,9.9918,9.9918,9.9918,9.9918,3,,0,0,0,0,0,,0,0,0,,,
58:01.7,9.9918,0.15616,9.9918,0.15616,0.4026,4.139704,3,,0,9.83564,0,9.83564,9.5892,,0,9.83564,5.852096,,,
58:02.8,2.84504,0.92232,0.84424,1.01992,5.00932,2.128168,3,,7.14676,9.06948,9.14756,8.97188,4.98248,,4.98248,9.14756,7.863632,,,
58:03.8,9.9918,9.9918,9.9918,9.9918,9.9918,9.9918,3,,0,0,0,0,0,,0,0,0,,,
58:04.8,9.9918,0.50996,9.9918,0.21228,0.40748,4.222664,3,,0,9.48184,0,9.77952,9.58432,,0,9.77952,5.769136,,,
58:05.7,2.81088,1.1468,1.2444,1.5006,4.8068,2.301896,3,,7.18092,8.845,8.7474,8.4912,5.185,,5.185,8.845,7.689904,,,
58:06.8,9.9918,9.9918,9.9918,9.9918,9.9918,9.9918,3,,0,0,0,0,0,,0,0,0,,,
58:07.8,9.9918,0.183,9.9918,0.12444,0.183,4.094808,3,,0,9.8088,0,9.86736,9.8088,,0,9.86736,5.896992,,,
58:08.8,2.98412,1.05408,0.81496,1.7812,7.18336,2.763544,3,,7.00768,8.93772,9.17684,8.2106,2.80844,,2.80844,9.17684,7.228256,,,
58:09.8,9.9918,9.9918,9.9918,9.9918,9.9918,9.9918,3,,0,0,0,0,0,,0,0,0,,,
58:10.8,9.9918,0.22204,9.9918,0.11712,0.2806,4.120672,3,,0,9.76976,0,9.87468,9.7112,,0,9.87468,5.871128,,,
58:11.8,2.806,0.94916,0.73688,1.281,4.6726,2.089128,3,,7.1858,9.04264,9.25492,8.7108,5.3192,,5.3192,9.25492,7.902672,,,
58:12.8,9.9918,9.9918,9.9918,9.9918,9.9918,9.9918,3,,0,0,0,0,0,,0,0,0,,,
58:13.8,2.7572,2.01544,1.94224,1.3664,4.60672,2.5376,3,,7.2346,7.97636,8.04956,8.6254,5.38508,,5.38508,8.6254,7.4542,,,
58:14.8,9.9918,9.9918,9.9918,9.9918,9.9918,9.9918,3,,0,0,0,0,0,,0,0,0,,,
58:15.8,3.111,0.46604,1.21756,0.45384,1.28832,1.307352,3,,6.8808,9.52576,8.77424,9.53796,8.70348,,6.8808,9.53796,8.684448,,,
58:16.8,3.70392,9.9918,9.9918,9.9918,9.9918,8.734224,3,,6.28788,0,0,0,0,,0,6.28788,1.257576,,,
58:17.8,9.9918,0.0976,1.7568,0.20252,0.42944,2.495632,3,,0,9.8942,8.235,9.78928,9.56236,,0,9.8942,7.496168,,,
58:18.8,2.9646,1.56892,1.61284,5.19232,5.734,3.414536,3,,7.0272,8.42288,8.37896,4.79948,4.2578,,4.2578,8.42288,6.577264,,,
58:19.8,9.9918,9.9918,9.9918,9.9918,9.9918,9.9918,3,,0,0,0,0,0,,0,0,0,,,
58:20.8,2.71572,0.71004,1.09556,0.77836,3.111,1.682136,3,,7.27608,9.28176,8.89624,9.21344,6.8808,,6.8808,9.28176,8.309664,,,
58:21.8,3.782,9.9918,9.9918,9.9918,9.9918,8.74984,3,,6.2098,0,0,0,0,,0,6.2098,1.24196,,,
58:22.8,9.9918,9.9918,9.9918,9.9918,9.9918,9.9918,3,,0,0,0,0,0,,0,0,0,,,
58:23.8,2.67912,0.70272,1.39568,0.67832,1.70312,1.431792,3,,7.31268,9.28908,8.59612,9.31348,8.28868,,7.31268,9.31348,8.560008,,,
58:24.8,5.88284,9.9918,9.9918,9.9918,9.9918,9.170008,3,,4.10896,0,0,0,0,,0,4.10896,0.821792,,,
58:25.8,9.9918,9.9918,9.9918,9.9918,9.9918,9.9918,3,,0,0,0,0,0,,0,0,0,,,
58:26.8,2.69132,0.75884,1.11996,0.74908,2.7206,1.60796,3,,7.30048,9.23296,8.87184,9.24272,7.2712,,7.2712,9.24272,8.38384,,,
58:27.8,3.53068,9.9918,5.84136,9.9918,9.9918,7.869488,3,,6.46112,0,4.15044,0,0,,0,6.46112,2.122312,,,
58:28.8,9.9918,9.9918,9.9918,9.9918,9.9918,9.9918,3,,0,0,0,0,0,,0,0,0,,,
58:29.8,2.7328,1.13216,1.09312,1.15168,4.11384,2.04472,3,,7.259,8.85964,8.89868,8.84012,5.87796,,5.87796,8.89868,7.94708,,,
58:30.8,9.9918,9.9918,9.9918,9.9918,9.9918,9.9918,3,,0,0,0,0,0,,0,0,0,,,
58:31.8,2.79868,1.15656,2.10816,0.91256,4.46276,2.287744,3,,7.19312,8.83524,7.88364,9.07924,5.52904,,5.52904,9.07924,7.704056,,,
58:32.8,9.9918,9.9918,9.9918,9.9918,9.9918,9.9918,3,,0,0,0,0,0,,0,0,0,,,
58:33.8,2.7938,0.89548,1.14192,0.91744,4.95564,2.140856,3,,7.198,9.09632,8.84988,9.07436,5.03616,,5.03616,9.09632,7.850944,,,
58:34.8,9.9918,9.9918,9.9918,9.9918,9.9918,9.9918,3,,0,0,0,0,0,,0,0,0,,,
58:35.8,9.9918,9.9918,9.9918,3.30864,1.75192,7.007192,3,,0,0,0,6.68316,8.23988,,0,8.23988,2.984608,,,
58:36.8,2.745,0.86376,1.21512,0.74664,3.22812,1.759728,3,,7.2468,9.12804,8.77668,9.24516,6.76368,,6.76368,9.24516,8.232072,,,
58:37.8,9.9918,9.9918,9.9918,9.9918,9.9918,9.9918,3,,0,0,0,0,0,,0,0,0,,,
58:38.8,9.9918,9.9918,9.9918,9.9918,9.9918,9.9918,3,,0,0,0,0,0,,0,0,0,,,
58:39.8,2.6962,0.915,1.3664,0.94916,3.24032,1.833416,3,,7.2956,9.0768,8.6254,9.04264,6.75148,,6.75148,9.0768,8.158384,,,
58:40.8,3.55264,9.9918,9.9918,9.9918,9.9918,8.703968,3,,6.43916,0,0,0,0,,0,6.43916,1.287832,,,
58:41.8,9.9918,9.9918,9.9918,9.9918,9.9918,9.9918,3,,0,0,0,0,0,,0,0,0,,,
58:42.8,2.77916,0.99064,1.53964,1.11752,4.95808,2.277008,3,,7.21264,9.00116,8.45216,8.87428,5.03372,,5.03372,9.00116,7.714792,,,
58:43.8,9.9918,9.9918,9.9918,9.9918,9.9918,9.9918,3,,0,0,0,0,0,,0,0,0,,,
58:44.8,2.77916,0.88328,4.10652,0.75396,1.51524,2.007632,3,,7.21264,9.10852,5.88528,9.23784,8.47656,,5.88528,9.23784,7.984168,,,
58:45.8,2.78648,1.29564,2.77428,1.02724,3.55264,2.287256,3,,7.20532,8.69616,7.21752,8.96456,6.43916,,6.43916,8.96456,7.704544,,,
58:46.8,9.9918,9.9918,9.9918,9.9918,9.9918,9.9918,3,,0,0,0,0,0,,0,0,0,,,
58:47.8,2.72792,0.976,1.07848,1.03212,4.19436,2.001776,3,,7.26388,9.0158,8.91332,8.95968,5.79744,,5.79744,9.0158,7.990024,,,
58:48.8,9.9918,9.9918,9.9918,9.9918,9.9918,9.9918,3,,0,0,0,0,0,,0,0,0,,,
58:49.8,2.72792,0.69784,0.98332,0.60756,3.3062,1.664568,3,,7.26388,9.29396,9.00848,9.38424,6.6856,,6.6856,9.38424,8.327232,,,
58:50.8,3.54532,9.9918,1.09068,9.9918,9.9918,6.92228,3,,6.44648,0,8.90112,0,0,,0,8.90112,3.06952,,,
58:51.8,9.9918,9.9918,9.9918,9.9918,9.9918,9.9918,3,,0,0,0,0,0,,0,0,0,,,
58:52.8,3.17932,0.60024,1.93736,0.41724,1.22732,1.472296,3,,6.81248,9.39156,8.05444,9.57456,8.76448,,6.81248,9.57456,8.519504,,,
58:53.8,2.96948,1.33468,1.51768,2.46684,6.4294,2.943616,3,,7.02232,8.65712,8.47412,7.52496,3.5624,,3.5624,8.65712,7.048184,,,
58:54.8,9.9918,9.9918,9.9918,9.9918,9.9918,9.9918,3,,0,0,0,0,0,,0,0,0,,,
58:55.8,5.97068,0.28304,1.20536,0.2806,0.88084,1.724104,3,,4.02112,9.70876,8.78644,9.7112,9.11096,,4.02112,9.7112,8.267696,,,
58:56.8,3.34524,4.59208,1.12484,9.9918,9.9918,5.809152,3,,6.64656,5.39972,8.86696,0,0,,0,8.86696,4.182648,,,
58:57.8,9.9918,9.9918,9.9918,9.9918,9.9918,9.9918,3,,0,0,0,0,0,,0,0,0,,,
58:58.8,2.6718,0.51484,0.94428,0.62708,1.20292,1.192184,3,,7.32,9.47696,9.04752,9.36472,8.78888,,7.32,9.47696,8.799616,,,
58:59.8,9.9918,9.9918,9.9918,9.9918,9.9918,9.9918,3,,0,0,0,0,0,,0,0,0,,,
59:00.8,2.64008,0.55144,1.3664,0.53924,1.09312,1.238056,3,,7.35172,9.44036,8.6254,9.45256,8.89868,,7.35172,9.45256,8.753744,,,
59:01.8,9.9918,9.9918,9.9918,9.9918,9.9918,9.9918,3,,0,0,0,0,0,,0,0,0,,,
59:02.8,9.9918,0.4636,9.9918,0.6222,0.59292,4.332464,3,,0,9.5282,0,9.3696,9.39888,,0,9.5282,5.659336,,,
59:03.9,2.6962,0.74908,2.1594,0.7564,2.63276,1.798768,3,,7.2956,9.24272,7.8324,9.2354,7.35904,,7.2956,9.24272,8.193032,,,
59:04.8,9.9918,9.9918,9.9918,9.9918,9.9918,9.9918,3,,0,0,0,0,0,,0,0,0,,,
59:05.8,9.9918,0.32696,9.9918,0.29036,0.2074,4.161664,3,,0,9.66484,0,9.70144,9.7844,,0,9.7844,5.830136,,,
59:06.8,2.71084,0.67832,0.81984,0.77836,2.80844,1.55916,3,,7.28096,9.31348,9.17196,9.21344,7.18336,,7.18336,9.31348,8.43264,,,
59:07.8,9.9918,9.9918,9.9918,9.9918,9.9918,9.9918,3,,0,0,0,0,0,,0,0,0,,,
59:08.8,9.9918,0.2806,1.8788,0.20252,0.5124,2.573224,3,,0,9.7112,8.113,9.78928,9.4794,,0,9.78928,7.418576,,,
59:09.8,2.8914,0.95892,1.13216,1.11996,5.22404,2.265296,3,,7.1004,9.03288,8.85964,8.87184,4.76776,,4.76776,9.03288,7.726504,,,
59:10.8,9.9918,9.9918,9.9918,9.9918,9.9918,9.9918,3,,0,0,0,0,0,,0,0,0,,,
59:11.8,2.7694,0.95892,1.33468,0.95404,4.78484,2.160376,3,,7.2224,9.03288,8.65712,9.03776,5.20696,,5.20696,9.03776,7.831424,,,
59:12.8,9.9918,9.9918,9.9918,9.9918,9.9918,9.9918,3,,0,0,0,0,0,,0,0,0,,,
59:13.8,2.61568,0.8906,1.14924,0.74176,1.64456,1.408368,3,,7.37612,9.1012,8.84256,9.25004,8.34724,,7.37612,9.25004,8.583432,,,
59:14.8,4.58476,9.9918,9.9918,9.9918,9.9918,8.910392,3,,5.40704,0,0,0,0,,0,5.40704,1.081408,,,
59:15.8,9.9918,9.9918,9.9918,9.9918,9.9918,9.9918,3,,0,0,0,0,0,,0,0,0,,,
59:16.8,2.7694,0.91988,1.098,0.76616,4.71164,2.053016,3,,7.2224,9.07192,8.8938,9.22564,5.28016,,5.28016,9.22564,7.938784,,,
59:17.8,9.9918,9.9918,9.9918,9.9918,9.9918,9.9918,3,,0,0,0,0,0,,0,0,0,,,
59:18.8,2.70108,0.5002,0.92476,0.5856,1.46644,1.235616,3,,7.29072,9.4916,9.06704,9.4062,8.52536,,7.29072,9.4916,8.756184,,,
59:19.8,9.9918,9.9918,9.9918,9.9918,9.9918,9.9918,3,,0,0,0,0,0,,0,0,0,,,
59:20.8,9.9918,0.26596,1.79828,0.20496,0.49532,2.551264,3,,0,9.72584,8.19352,9.78684,9.49648,,0,9.78684,7.440536,,,
59:21.8,3.3916,2.21064,1.40544,6.68804,9.9918,4.737504,3,,6.6002,7.78116,8.58636,3.30376,0,,0,8.58636,5.254296,,,
59:22.8,9.9918,9.9918,9.9918,9.9918,9.9918,9.9918,3,,0,0,0,0,0,,0,0,0,,,
59:23.8,2.81576,0.88328,0.93696,0.78812,4.95808,2.07644,3,,7.17604,9.10852,9.05484,9.20368,5.03372,,5.03372,9.20368,7.91536,,,
59:24.8,9.9918,9.9918,9.9918,9.9918,9.9918,9.9918,3,,0,0,0,0,0,,0,0,0,,,
59:25.8,9.9918,9.9918,9.9918,4.10164,2.38388,7.292184,3,,0,0,0,5.89016,7.60792,,0,7.60792,2.699616,,,
59:26.8,2.9524,1.05652,0.79056,1.18096,7.19068,2.634224,3,,7.0394,8.93528,9.20124,8.81084,2.80112,,2.80112,9.20124,7.357576,,,
59:27.9,9.9918,9.9918,9.9918,9.9918,9.9918,9.9918,3,,0,0,0,0,0,,0,0,0,,,
